date_utc,price,mvrv,mvrv_peak_90d,mayer,dd_from_ath_pct,zone,drawdown_call,confidence,engine_regime,engine_risk_state,mvrv_source
2026-05-31,73907.3,1.365,1.517,0.929,-40.7,NEUTRAL,AMBIGUOUS,0.3,BEAR,RISK_OFF,coinmetrics_live(2026-05-30)
2026-06-01,72906.9,1.362,1.517,0.918,-41.5,NEUTRAL,AMBIGUOUS,0.3,BEAR,RISK_OFF,coinmetrics_live(2026-05-31)
2026-06-02,70268.8,1.321,1.517,0.886,-43.7,NEUTRAL,AMBIGUOUS,0.3,BEAR,RISK_OFF,coinmetrics_live(2026-06-01)
2026-06-03,67134.5,1.236,1.517,0.849,-46.2,NEUTRAL,AMBIGUOUS,0.3,TRANSITION,RISK_OFF,coinmetrics_live(2026-06-02)
2026-06-04,64212.9,1.196,1.517,0.813,-48.5,NEUTRAL,AMBIGUOUS,0.3,TRANSITION,RISK_OFF,coinmetrics_live(2026-06-03)
2026-06-05,62148.1,1.186,1.517,0.789,-50.2,NEUTRAL,AMBIGUOUS,0.3,TRANSITION,RISK_OFF,coinmetrics_live(2026-06-04)
2026-06-06,60859.7,1.137,1.517,0.774,-51.2,NEUTRAL,AMBIGUOUS,0.3,TRANSITION,RISK_NEUTRAL,coinmetrics_live(2026-06-05)
2026-06-07,61660.0,1.135,1.517,0.786,-50.6,NEUTRAL,AMBIGUOUS,0.3,TRANSITION,RISK_OFF,coinmetrics_live(2026-06-06)
2026-06-08,63049.7,1.179,1.517,0.805,-49.4,NEUTRAL,AMBIGUOUS,0.3,TRANSITION,RISK_OFF,coinmetrics_live(2026-06-07)
2026-06-09,63276.4,1.179,1.517,0.809,-49.3,NEUTRAL,AMBIGUOUS,0.3,TRANSITION,RISK_OFF,coinmetrics_live(2026-06-08)
2026-06-10,61380.0,1.152,1.517,0.786,-50.8,NEUTRAL,AMBIGUOUS,0.3,BEAR,RISK_OFF,coinmetrics_live(2026-06-09)
2026-06-11,62900.1,1.149,1.517,0.806,-49.6,NEUTRAL,AMBIGUOUS,0.3,BEAR,RISK_OFF,coinmetrics_live(2026-06-10)
2026-06-12,63099.9,1.188,1.517,0.81,-49.4,NEUTRAL,AMBIGUOUS,0.3,BEAR,RISK_OFF,coinmetrics_live(2026-06-11)
2026-06-13,63555.2,1.188,1.517,0.817,-49.0,NEUTRAL,AMBIGUOUS,0.3,BEAR,RISK_OFF,coinmetrics_live(2026-06-12)
2026-06-14,64320.2,1.205,1.517,0.828,-48.4,NEUTRAL,AMBIGUOUS,0.3,BEAR,RISK_OFF,coinmetrics_live(2026-06-13)
2026-06-15,65748.2,1.228,1.517,0.848,-47.3,NEUTRAL,AMBIGUOUS,0.3,BEAR,RISK_OFF,coinmetrics_live(2026-06-14)
2026-06-16,66327.2,1.239,1.517,0.857,-46.8,NEUTRAL,AMBIGUOUS,0.3,BEAR,RISK_OFF,coinmetrics_live(2026-06-15)
2026-06-17,65537.9,1.229,1.517,0.848,-47.5,NEUTRAL,AMBIGUOUS,0.3,BEAR,RISK_OFF,coinmetrics_live(2026-06-16)
2026-06-18,64032.1,1.206,1.517,0.83,-48.7,NEUTRAL,AMBIGUOUS,0.3,BEAR,RISK_OFF,coinmetrics_live(2026-06-17)
2026-06-19,62838.9,1.177,1.517,0.816,-49.6,NEUTRAL,AMBIGUOUS,0.3,BEAR,RISK_OFF,coinmetrics_live(2026-06-18)
2026-06-20,63591.6,1.186,1.517,0.827,-49.0,NEUTRAL,AMBIGUOUS,0.3,BEAR,RISK_OFF,coinmetrics_live(2026-06-19)
2026-06-21,64230.0,1.203,1.517,0.837,-48.5,NEUTRAL,AMBIGUOUS,0.3,BEAR,RISK_OFF,coinmetrics_live(2026-06-20)
2026-06-22,64140.9,1.187,1.517,0.837,-48.6,NEUTRAL,AMBIGUOUS,0.3,BEAR,RISK_OFF,coinmetrics_live(2026-06-21)
2026-06-23,63324.0,1.197,1.517,0.828,-49.2,NEUTRAL,AMBIGUOUS,0.3,BEAR,RISK_OFF,coinmetrics_live(2026-06-22)
2026-06-24,62807.3,1.173,1.517,0.823,-49.6,NEUTRAL,AMBIGUOUS,0.3,BEAR,RISK_OFF,coinmetrics_live(2026-06-23)
2026-06-25,61535.2,1.142,1.517,0.808,-50.7,NEUTRAL,AMBIGUOUS,0.3,BEAR,RISK_OFF,coinmetrics_live(2026-06-24)
2026-06-26,59713.9,1.124,1.517,0.786,-52.1,NEUTRAL,AMBIGUOUS,0.3,BEAR,RISK_OFF,coinmetrics_live(2026-06-25)
2026-06-27,60165.0,1.127,1.517,0.793,-51.8,NEUTRAL,AMBIGUOUS,0.3,BEAR,RISK_OFF,coinmetrics_live(2026-06-26)
2026-06-28,59899.1,1.127,1.517,0.791,-52.0,NEUTRAL,AMBIGUOUS,0.3,BEAR,RISK_OFF,coinmetrics_live(2026-06-27)
2026-06-29,60076.0,1.119,1.517,0.795,-51.8,NEUTRAL,AMBIGUOUS,0.3,BEAR,RISK_OFF,coinmetrics_live(2026-06-28)
2026-06-30,59499.6,1.132,1.517,0.789,-52.3,NEUTRAL,AMBIGUOUS,0.3,TRANSITION,RISK_NEUTRAL,coinmetrics_live(2026-06-29)
2026-07-01,58840.2,1.103,1.517,0.782,-52.8,NEUTRAL,AMBIGUOUS,0.3,TRANSITION,RISK_OFF,coinmetrics_live(2026-06-30)
2026-07-02,60423.4,1.132,1.517,0.805,-51.6,NEUTRAL,AMBIGUOUS,0.3,TRANSITION,RISK_NEUTRAL,coinmetrics_live(2026-07-01)
2026-07-03,61609.5,1.158,1.517,0.822,-50.6,NEUTRAL,AMBIGUOUS,0.3,BULL,RISK_ON,coinmetrics_live(2026-07-02)
2026-07-04,62455.2,1.179,1.517,0.835,-49.9,NEUTRAL,AMBIGUOUS,0.3,BULL,RISK_ON,coinmetrics_live(2026-07-03)
2026-07-05,62698.1,1.189,1.517,0.839,-49.7,NEUTRAL,AMBIGUOUS,0.3,BULL,RISK_ON,coinmetrics_live(2026-07-04)
2026-07-06,63000.1,1.199,1.517,0.844,-49.5,NEUTRAL,AMBIGUOUS,0.3,BULL,RISK_ON,coinmetrics_live(2026-07-05)
2026-07-07,63080.9,1.207,1.517,0.847,-49.4,NEUTRAL,AMBIGUOUS,0.3,BULL,RISK_ON,coinmetrics_live(2026-07-06)
2026-07-08,62761.3,1.196,1.517,0.844,-49.7,NEUTRAL,AMBIGUOUS,0.3,BULL,RISK_ON,coinmetrics_live(2026-07-07)
2026-07-09,62489.9,1.173,1.517,0.842,-49.9,NEUTRAL,AMBIGUOUS,0.3,BULL,RISK_ON,coinmetrics_live(2026-07-08)
2026-07-10,64043.1,1.192,1.517,0.864,-48.7,NEUTRAL,AMBIGUOUS,0.3,BULL,RISK_ON,coinmetrics_live(2026-07-09)
2026-07-11,64091.3,1.21,1.517,0.866,-48.6,NEUTRAL,AMBIGUOUS,0.3,BULL,RISK_ON,coinmetrics_live(2026-07-10)
2026-07-12,63899.1,1.205,1.517,0.865,-48.8,NEUTRAL,AMBIGUOUS,0.3,BULL,RISK_ON,coinmetrics_live(2026-07-11)
2026-07-13,62581.2,1.203,1.517,0.849,-49.8,NEUTRAL,AMBIGUOUS,0.3,BULL,RISK_ON,coinmetrics_live(2026-07-12)
2026-07-14,62651.2,1.174,1.517,0.851,-49.8,NEUTRAL,AMBIGUOUS,0.3,BULL,RISK_ON,coinmetrics_live(2026-07-13)
2026-07-15,64751.7,1.228,1.517,0.881,-48.1,NEUTRAL,AMBIGUOUS,0.3,BULL,RISK_NEUTRAL,coinmetrics_live(2026-07-14)
2026-07-16,64566.6,1.225,1.517,0.88,-48.2,NEUTRAL,AMBIGUOUS,0.3,BULL,RISK_ON,coinmetrics_live(2026-07-15)
2026-07-17,63425.2,1.206,1.517,0.866,-49.1,NEUTRAL,AMBIGUOUS,0.3,BULL,RISK_ON,coinmetrics_live(2026-07-16)
2026-07-18,63910.8,1.209,1.517,0.874,-48.8,NEUTRAL,AMBIGUOUS,0.3,BULL,RISK_NEUTRAL,coinmetrics_live(2026-07-17)
2026-07-19,64734.3,1.225,1.517,0.886,-48.1,NEUTRAL,AMBIGUOUS,0.3,BULL,RISK_NEUTRAL,coinmetrics_live(2026-07-18)
2026-07-20,64131.1,1.223,1.517,0.879,-48.6,NEUTRAL,AMBIGUOUS,0.3,BULL,RISK_NEUTRAL,coinmetrics_live(2026-07-19)
2026-07-21,65476.2,1.233,1.517,0.899,-47.5,NEUTRAL,AMBIGUOUS,0.3,BULL,RISK_NEUTRAL,coinmetrics_live(2026-07-20)
2026-07-22,66211.6,1.255,1.517,0.911,-46.9,NEUTRAL,AMBIGUOUS,0.3,BULL,RISK_NEUTRAL,coinmetrics_live(2026-07-21)
2026-07-23,65577.5,1.248,1.517,0.904,-47.4,NEUTRAL,AMBIGUOUS,0.3,BULL,RISK_NEUTRAL,coinmetrics_live(2026-07-22)
2026-07-24,65308.5,1.231,1.517,0.902,-47.6,NEUTRAL,AMBIGUOUS,0.3,BULL,RISK_NEUTRAL,coinmetrics_live(2026-07-23)
2026-07-25,64093.3,1.213,1.517,0.887,-48.6,NEUTRAL,AMBIGUOUS,0.3,BULL,RISK_NEUTRAL,coinmetrics_live(2026-07-24)
2026-07-26,64440.6,1.216,1.517,0.893,-48.3,NEUTRAL,AMBIGUOUS,0.3,BULL,RISK_NEUTRAL,coinmetrics_live(2026-07-25)
2026-07-27,65336.5,1.235,1.517,0.907,-47.6,NEUTRAL,AMBIGUOUS,0.3,BEAR,RISK_NEUTRAL,coinmetrics_live(2026-07-26)
2026-07-28,63287.1,1.205,1.517,0.881,-49.3,NEUTRAL,AMBIGUOUS,0.3,BULL,RISK_NEUTRAL,coinmetrics_live(2026-07-27)
2026-07-29,63919.8,1.205,1.517,0.891,-48.8,NEUTRAL,AMBIGUOUS,0.3,BULL,RISK_NEUTRAL,coinmetrics_live(2026-07-28)
2026-07-30,64039.9,1.209,1.517,0.894,-48.7,NEUTRAL,AMBIGUOUS,0.3,BULL,RISK_NEUTRAL,coinmetrics_live(2026-07-29)
2026-07-31,64286.6,1.226,1.517,0.9,-48.5,NEUTRAL,AMBIGUOUS,0.3,BULL,RISK_ON,coinmetrics_live(2026-07-30)
2026-08-01,63025.9,1.19,1.517,0.884,-49.5,NEUTRAL,AMBIGUOUS,0.3,BULL,RISK_ON,coinmetrics_live(2026-07-31)
2026-08-02,63403.1,1.189,1.517,0.891,-49.2,NEUTRAL,AMBIGUOUS,0.3,BEAR,RISK_OFF,coinmetrics_live(2026-08-01)
2026-08-03,62732.5,1.202,1.517,0.884,-49.7,NEUTRAL,AMBIGUOUS,0.3,BEAR,RISK_OFF,coinmetrics_live(2026-08-02)
2026-08-04,64054.8,1.203,1.517,0.905,-48.6,NEUTRAL,AMBIGUOUS,0.3,BEAR,RISK_NEUTRAL,coinmetrics_live(2026-08-03)
2026-08-05,64121.5,1.216,1.517,0.908,-48.6,NEUTRAL,AMBIGUOUS,0.3,BEAR,RISK_NEUTRAL,coinmetrics_live(2026-08-04)
2026-08-06,64637.1,1.225,1.517,0.917,-48.2,NEUTRAL,AMBIGUOUS,0.3,BULL,RISK_NEUTRAL,coinmetrics_live(2026-08-05)
2026-08-07,64297.6,1.218,1.517,0.914,-48.4,NEUTRAL,AMBIGUOUS,0.3,BULL,RISK_NEUTRAL,coinmetrics_live(2026-08-06)
2026-08-08,64911.4,1.23,1.517,0.924,-48.0,NEUTRAL,AMBIGUOUS,0.3,BEAR,RISK_NEUTRAL,coinmetrics_live(2026-08-07)
2026-08-09,64733.6,1.231,1.506,0.923,-48.1,NEUTRAL,AMBIGUOUS,0.3,BEAR,RISK_OFF,coinmetrics_live(2026-08-08)
2026-08-10,64957.2,1.23,1.496,0.928,-47.9,NEUTRAL,AMBIGUOUS,0.3,BEAR,RISK_OFF,coinmetrics_live(2026-08-09)
2026-08-11,64098.0,1.212,1.496,0.917,-48.6,NEUTRAL,AMBIGUOUS,0.3,BEAR,RISK_NEUTRAL,coinmetrics_live(2026-08-10)
2026-08-12,63730.0,1.206,1.496,0.914,-48.9,NEUTRAL,AMBIGUOUS,0.3,BEAR,RISK_NEUTRAL,coinmetrics_live(2026-08-11)
2026-08-13,63578.4,1.203,1.458,0.913,-49.0,NEUTRAL,AMBIGUOUS,0.3,BEAR,RISK_NEUTRAL,coinmetrics_live(2026-08-12)
2026-08-14,63287.7,1.203,1.441,0.911,-49.3,NEUTRAL,AMBIGUOUS,0.3,BEAR,RISK_NEUTRAL,coinmetrics_live(2026-08-13)
2026-08-15,63054.5,1.195,1.432,0.909,-49.4,NEUTRAL,AMBIGUOUS,0.3,BEAR,RISK_NEUTRAL,coinmetrics_live(2026-08-14)
2026-08-16,63051.1,1.197,1.432,0.911,-49.4,NEUTRAL,AMBIGUOUS,0.3,BEAR,RISK_OFF,coinmetrics_live(2026-08-15)
2026-08-17,63368.9,1.193,1.432,0.917,-49.2,NEUTRAL,AMBIGUOUS,0.3,BEAR,RISK_OFF,coinmetrics_live(2026-08-16)
2026-08-18,64012.1,1.224,1.432,0.927,-48.7,NEUTRAL,AMBIGUOUS,0.3,BEAR,RISK_NEUTRAL,coinmetrics_live(2026-08-17)
2026-08-19,64319.7,1.224,1.432,0.933,-48.4,NEUTRAL,AMBIGUOUS,0.3,BULL,RISK_NEUTRAL,coinmetrics_live(2026-08-17)
2026-08-20,69287.1,1.229,1.432,1.005,-44.4,NEUTRAL,NOT_IN_DRAWDOWN,0.0,TRANSITION,RISK_NEUTRAL,coinmetrics_live(2026-08-18)
2026-08-21,74375.4,1.386,1.426,1.079,-40.4,NEUTRAL,NOT_IN_DRAWDOWN,0.0,TRANSITION,RISK_NEUTRAL,coinmetrics_live(2026-08-20)
2026-08-22,78342.6,1.484,1.484,1.136,-37.2,NEUTRAL,NOT_IN_DRAWDOWN,0.0,TRANSITION,RISK_NEUTRAL,coinmetrics_live(2026-08-21)
2026-08-23,77060.9,1.458,1.484,1.117,-38.2,NEUTRAL,NOT_IN_DRAWDOWN,0.0,TRANSITION,RISK_NEUTRAL,coinmetrics_live(2026-08-22)
2026-08-24,77513.0,1.468,1.484,1.122,-37.9,NEUTRAL,NOT_IN_DRAWDOWN,0.0,TRANSITION,RISK_NEUTRAL,coinmetrics_live(2026-08-23)
2026-08-25,80440.9,1.491,1.491,1.163,-35.5,NEUTRAL,NOT_IN_DRAWDOWN,0.0,TRANSITION,RISK_NEUTRAL,coinmetrics_live(2026-08-24)
2026-08-26,79112.5,1.484,1.491,1.144,-36.6,NEUTRAL,NOT_IN_DRAWDOWN,0.0,TRANSITION,RISK_NEUTRAL,coinmetrics_live(2026-08-25)
2026-08-27,79508.8,1.49,1.491,1.149,-36.3,NEUTRAL,NOT_IN_DRAWDOWN,0.0,TRANSITION,RISK_NEUTRAL,coinmetrics_live(2026-08-26)
2026-08-28,79285.8,1.514,1.514,1.145,-36.4,EXPANSION,NOT_IN_DRAWDOWN,0.0,TRANSITION,RISK_NEUTRAL,coinmetrics_live(2026-08-27)
2026-08-29,77572.5,1.465,1.514,1.119,-37.8,NEUTRAL,NOT_IN_DRAWDOWN,0.0,TRANSITION,RISK_NEUTRAL,coinmetrics_live(2026-08-28)
2026-08-30,78166.5,1.475,1.514,1.127,-37.3,NEUTRAL,NOT_IN_DRAWDOWN,0.0,TRANSITION,RISK_NEUTRAL,coinmetrics_live(2026-08-29)
2026-08-31,78205.7,1.464,1.514,1.126,-37.3,NEUTRAL,NOT_IN_DRAWDOWN,0.0,TRANSITION,RISK_NEUTRAL,coinmetrics_live(2026-08-30)
2026-09-01,78741.8,1.48,1.514,1.133,-36.9,NEUTRAL,NOT_IN_DRAWDOWN,0.0,TRANSITION,RISK_NEUTRAL,coinmetrics_live(2026-08-31)
2026-09-02,77480.7,1.458,1.514,1.115,-37.9,NEUTRAL,NOT_IN_DRAWDOWN,0.0,TRANSITION,RISK_NEUTRAL,coinmetrics_live(2026-09-01)
2026-09-03,77751.8,1.454,1.514,1.118,-37.7,NEUTRAL,NOT_IN_DRAWDOWN,0.0,TRANSITION,RISK_NEUTRAL,coinmetrics_live(2026-09-02)
2026-09-04,80823.3,1.529,1.529,1.161,-35.2,EXPANSION,NOT_IN_DRAWDOWN,0.0,TRANSITION,RISK_NEUTRAL,coinmetrics_live(2026-09-03)
2026-09-05,79661.6,1.499,1.529,1.143,-36.1,NEUTRAL,NOT_IN_DRAWDOWN,0.0,TRANSITION,RISK_NEUTRAL,coinmetrics_live(2026-09-04)
2026-09-06,79820.3,1.501,1.529,1.144,-36.0,EXPANSION,NOT_IN_DRAWDOWN,0.0,TRANSITION,RISK_NEUTRAL,coinmetrics_live(2026-09-05)
