timestamp_utc,btc_price,regime,confidence,P_BULL,P_BEAR,P_RANGE,P_TRANSITION,momentum,stability,rotation,sentiment,macro,risk_level,risk_state,exposure_cap,sma200_ratio,days_above_sma200,data_completeness,failed_sources,model_version,days_in_regime,vol_z,bear_confirmation_would_fire,recovery_override_would_fire
2026-04-21T05:21:30+00:00,75956.0,BULL,0.5205,0.6725,0.0631,0.0962,0.1683,0.68,0.403,0.1734,-0.3583,0.5134,0.486,RISK_ON,1.0,0.8798,0,1.0,,3.3,4,-0.5332,False,False
2026-04-21T16:15:49+00:00,75909.0234375,BULL,0.5382,0.6963,0.0327,0.0716,0.1994,0.6747,0.4141,-0.7908,-0.7433,0.7361,0.5164,RISK_ON,1.0,0.8816,0,1.0,,3.3,4,-0.5749,False,False
2026-04-22T05:19:24+00:00,77971.8828125,BULL,0.4836,0.6773,0.0402,0.0666,0.2159,0.6862,0.4951,0.5151,-0.5263,0.3846,0.4891,RISK_ON,1.0,0.9054,0,1.0,,3.3,5,-0.4203,False,False
2026-04-22T16:14:18+00:00,79220.046875,BULL,0.5805,0.7102,0.0392,0.1061,0.1445,0.6928,1.0,0.3109,-0.355,0.3147,0.5464,RISK_ON,1.0,0.9223,0,1.0,,3.3,5,-0.699,False,False
2026-04-23T05:23:58+00:00,77974.953125,BULL,0.6278,0.7987,0.0217,0.0824,0.0972,0.6858,1.0,-1.0,-0.588,0.001,0.6329,RISK_ON,1.0,0.9079,0,1.0,,3.3,6,-0.9597,False,False
2026-04-23T16:47:36+00:00,78339.8671875,BULL,0.6278,0.8375,0.0213,0.0738,0.0674,0.6876,0.7087,-0.6923,-0.4744,0.0078,0.6669,RISK_ON,1.0,0.9145,0,1.0,,3.3,6,-0.909,False,False
2026-04-24T05:28:45+00:00,77619.6796875,BULL,0.5141,0.7768,0.0369,0.0888,0.0975,0.6836,0.5575,-0.2726,-0.825,-0.1392,0.6043,RISK_ON,1.0,0.9062,0,1.0,,3.3,7,-0.869,False,False
2026-04-24T16:09:16+00:00,77884.0390625,BULL,0.584,0.6668,0.0873,0.1088,0.1371,0.687,0.413,0.5878,-0.5305,-0.0187,0.471,RISK_ON,1.0,0.9117,0,1.0,,3.3,7,-0.8536,False,False
2026-04-25T05:06:45+00:00,77549.40625,BULL,0.3972,0.5869,0.0935,0.0855,0.2341,0.6851,0.0884,0.3693,-0.6596,-0.1792,0.3727,RISK_ON,1.0,0.9078,0,1.0,,3.3,8,-0.8224,False,False
2026-04-25T15:48:14+00:00,77644.15625,BULL,0.4949,0.6066,0.1959,0.0797,0.1178,0.6984,-0.2163,0.5809,-0.5162,-0.1792,0.3173,RISK_ON,1.0,0.9113,0,1.0,,3.3,8,-1.3912,False,False
2026-04-26T05:32:46+00:00,78098.3828125,BULL,0.4194,0.5528,0.2047,0.0585,0.1841,0.7011,-0.4341,0.5794,-0.325,-0.1792,0.2446,RISK_NEUTRAL,0.85,0.9166,0,1.0,,3.3,9,-1.3856,False,False
2026-04-26T15:50:48+00:00,78057.4375,BULL,0.7229,0.7775,0.0953,0.0422,0.085,0.6922,-0.0247,-1.0,-0.549,-0.1792,0.5361,RISK_ON,1.0,0.9186,0,1.0,,3.3,9,-2.0114,False,False
2026-04-27T05:47:00+00:00,77834.4609375,BULL,0.6048,0.7322,0.1061,0.0644,0.0973,0.6909,0.584,-0.1603,-0.15,-0.1837,0.4965,RISK_ON,1.0,0.916,0,1.0,,3.3,10,-2.009,False,False
2026-04-27T16:47:19+00:00,76622.84375,BULL,0.6048,0.7679,0.0697,0.0851,0.0772,0.68,0.9292,0.1611,-0.3534,-0.1592,0.5702,RISK_ON,1.0,0.9041,0,1.0,,3.3,10,-1.4854,False,False
2026-04-28T05:52:26+00:00,76914.5234375,BULL,0.6506,0.738,0.0495,0.0811,0.1314,0.6816,0.6554,0.5833,-0.641,0.1426,0.552,RISK_ON,1.0,0.9075,0,1.0,,3.3,11,-1.5781,False,False
2026-04-28T16:58:51+00:00,76109.28125,BULL,0.6443,0.7886,0.0443,0.073,0.0942,0.6767,0.6109,-0.5448,-0.5541,0.1087,0.6014,RISK_ON,1.0,0.8999,0,1.0,,3.3,11,-1.4762,False,False
2026-04-29T05:38:37+00:00,77216.859375,BULL,0.671,0.7388,0.0627,0.0754,0.1231,0.6829,0.6862,0.5903,-0.5514,0.2503,0.5402,RISK_ON,1.0,0.913,0,1.0,,3.3,12,-1.6536,False,False
2026-04-30T05:42:36+00:00,75692.3203125,BULL,0.6048,0.7605,0.0414,0.0901,0.108,0.6976,1.0,0.1086,-0.4387,-0.3448,0.5856,RISK_ON,1.0,0.8968,0,1.0,,3.3,13,-1.4255,False,False
2026-05-01T05:52:10+00:00,77109.8125,BULL,0.6048,0.7642,0.0607,0.0785,0.0966,0.7083,0.3878,-0.5228,-0.5857,-0.4639,0.5688,RISK_ON,1.0,0.9157,0,1.0,,3.3,14,-1.5194,False,False
2026-05-02T05:22:34+00:00,78053.421875,BULL,0.6048,0.7902,0.0392,0.0711,0.0996,0.7464,0.7463,-1.0,-0.325,-0.1738,0.6054,RISK_ON,1.0,0.929,0,1.0,,3.3,15,-1.3839,False,False
2026-05-03T05:41:55+00:00,78206.4375,BULL,0.7229,0.7672,0.0984,0.0453,0.089,0.758,-0.3559,-0.2684,-0.443,-0.1738,0.5255,RISK_ON,1.0,0.9328,0,1.0,,3.3,16,-1.613,False,False
2026-05-04T05:47:26+00:00,80030.0078125,BULL,0.5061,0.6506,0.1485,0.0652,0.1357,0.7585,0.5592,0.5449,-0.2488,-0.1719,0.3857,RISK_ON,1.0,0.9562,0,1.0,,3.3,17,-1.439,False,False
2026-05-05T05:26:28+00:00,81105.0234375,BULL,0.6048,0.7392,0.0544,0.0942,0.1122,0.7862,1.0,0.5283,0.0876,-0.3667,0.5576,RISK_ON,1.0,0.9707,0,1.0,,3.3,18,-0.9956,False,False
2026-05-06T05:41:30+00:00,81125.2109375,BULL,0.6048,0.851,0.0212,0.0506,0.0771,0.8055,0.9109,-1.0,0.0192,-0.5101,0.6665,RISK_ON,1.0,0.9725,0,1.0,,3.3,19,-1.3773,False,False
2026-05-07T05:44:22+00:00,81078.703125,BULL,0.6048,0.8512,0.023,0.059,0.0667,0.8965,0.9143,-0.3998,-0.1424,-0.896,0.6705,RISK_ON,1.0,0.9735,0,1.0,,3.3,20,-1.3359,False,False
2026-05-08T05:15:02+00:00,79597.984375,BULL,0.6048,0.8133,0.0472,0.0782,0.0614,0.7752,0.8545,0.4736,-0.0562,-0.4313,0.6271,RISK_ON,1.0,0.9574,0,1.0,,3.3,21,-1.6595,False,False
2026-05-09T05:32:53+00:00,80423.9765625,BULL,0.6048,0.8412,0.0355,0.0512,0.0721,0.8295,0.5912,-0.8467,0.0877,-0.7801,0.6471,RISK_ON,1.0,0.969,0,1.0,,3.3,22,-1.7453,False,False
2026-05-10T05:47:49+00:00,80736.0,BULL,0.6756,0.6919,0.1312,0.0491,0.1277,0.7225,-0.2907,-0.5596,0.3241,-0.7801,0.4296,RISK_ON,1.0,0.9744,0,1.0,,3.3,23,-1.6139,False,False
2026-05-11T06:11:25+00:00,80958.703125,BULL,0.6048,0.7813,0.0666,0.0447,0.1074,0.6798,0.6118,-0.7687,0.5248,-0.9112,0.5615,RISK_ON,1.0,0.9787,0,1.0,,3.3,24,-1.5709,False,False
2026-05-12T05:50:22+00:00,81240.3515625,BULL,0.6048,0.7429,0.0623,0.0672,0.1276,0.8151,0.3173,0.0432,0.4113,-0.8774,0.5396,RISK_ON,1.0,0.9838,0,1.0,,3.3,25,-1.2788,False,False
2026-05-13T06:00:29+00:00,80999.8984375,BULL,0.6615,0.7837,0.0514,0.0673,0.0976,0.7209,0.7033,-0.366,0.219,0.0,0.5882,RISK_ON,1.0,0.9826,0,1.0,,3.3,26,-1.7465,False,False
2026-05-14T06:00:21+00:00,79779.34375,BULL,0.6048,0.7913,0.0663,0.0879,0.0545,0.4722,1.0,-0.4128,-0.0179,-0.9401,0.5976,RISK_ON,1.0,0.9697,0,1.0,,3.3,27,-2.5014,False,False
2026-05-15T06:07:32+00:00,80397.7265625,BULL,0.4706,0.6397,0.1495,0.135,0.0759,0.3332,1.0,-0.4543,0.2046,-1.0,0.4161,RISK_ON,1.0,0.9793,0,1.0,,3.3,28,-2.1617,False,False
2026-05-16T05:38:14+00:00,78940.8671875,BULL,0.5683,0.6331,0.1179,0.1674,0.0816,0.0981,0.8294,-0.7486,0.2121,-1.0,0.451,RISK_ON,1.0,0.9636,0,1.0,,3.3,29,-1.5539,False,False
2026-05-17T05:59:07+00:00,78098.4921875,BULL,0.085,0.306,0.3665,0.1571,0.1704,-0.1242,0.1974,-0.0768,0.0418,-1.0,-0.0563,RISK_NEUTRAL,0.7,0.9553,0,1.0,,3.3,30,-1.4136,False,False
2026-05-18T06:36:04+00:00,76748.9765625,BEAR,0.5703,0.1154,0.6691,0.0777,0.1379,-0.358,0.2906,0.4447,0.475,-1.0,-0.5063,RISK_OFF,0.35,0.9425,0,1.0,,3.3,1,-1.5876,True,False
2026-05-19T06:31:39+00:00,76975.9921875,BEAR,0.0664,0.2978,0.3564,0.1617,0.1841,-0.2684,1.0,-0.9626,0.267,-1.0,-0.0546,RISK_NEUTRAL,0.5,0.9453,0,1.0,,3.3,2,-1.6084,True,False
2026-05-20T06:31:18+00:00,77187.5,BEAR,0.2974,0.2214,0.5121,0.15,0.1165,-0.0492,0.4466,0.7981,0.3864,-1.0,-0.2471,RISK_NEUTRAL,0.5,0.9498,0,1.0,,3.3,3,-1.8312,True,False
2026-05-21T06:32:57+00:00,77734.6484375,BEAR,0.1934,0.2946,0.4645,0.1303,0.1106,-0.405,0.588,-0.7036,0.1018,-1.0,-0.1524,RISK_NEUTRAL,0.5,0.9584,0,1.0,,3.3,4,-1.9714,True,False
2026-05-22T06:30:17+00:00,77382.3671875,BEAR,0.5464,0.1989,0.6275,0.0992,0.0744,-0.6811,0.4985,-0.4149,0.2248,-1.0,-0.3808,RISK_OFF,0.35,0.9561,0,1.0,,3.3,5,-1.8937,True,False
2026-05-23T05:50:45+00:00,75388.890625,BEAR,0.4318,0.2034,0.5448,0.1376,0.1142,-0.2687,0.6197,0.4425,0.1994,-1.0,-0.2954,RISK_NEUTRAL,0.5,0.9332,0,1.0,,3.3,6,-1.6736,True,False
2026-05-24T06:14:04+00:00,,TRANSITION,0.0,0.25,0.25,0.25,0.25,0.0,0.0,0.0,0.0,0.0,-1.0,RISK_OFF,0.3,,0,,,3.3,0,,False,False
2026-05-25T06:50:52+00:00,,TRANSITION,0.0,0.25,0.25,0.25,0.25,0.0,0.0,0.0,0.0,0.0,-1.0,RISK_OFF,0.3,,0,,,3.3,0,,False,False
2026-05-26T06:29:55+00:00,,TRANSITION,0.0,0.25,0.25,0.25,0.25,0.0,0.0,0.0,0.0,0.0,-1.0,RISK_OFF,0.3,,0,,,3.3,0,,False,False
2026-05-27T06:44:07+00:00,,TRANSITION,0.0,0.25,0.25,0.25,0.25,0.0,0.0,0.0,0.0,0.0,-1.0,RISK_OFF,0.3,,0,,,3.3,0,,False,False
2026-05-28T06:35:31+00:00,,TRANSITION,0.0,0.25,0.25,0.25,0.25,0.0,0.0,0.0,0.0,0.0,-1.0,RISK_OFF,0.3,,0,,,3.3,0,,False,False
2026-05-29T06:35:46+00:00,73608.03125,BEAR,0.1069,0.2411,0.3474,0.1424,0.269,-0.4033,0.5369,-0.7966,-0.0834,-0.4167,-0.1166,RISK_NEUTRAL,0.5,0.9223,0,1.0,,3.3,8,-0.9705,True,False
2026-05-30T05:59:24+00:00,73490.953125,BEAR,0.2412,0.1746,0.4288,0.1462,0.2504,-0.4076,0.6642,0.5975,0.1692,-0.368,-0.2378,RISK_NEUTRAL,0.5,0.9208,0,1.0,,3.3,9,-0.9725,True,False
2026-05-31T06:38:15+00:00,73966.8515625,BEAR,0.6584,0.0686,0.712,0.0622,0.1572,-0.7123,-0.3392,0.169,0.2058,-0.4676,-0.5925,RISK_OFF,0.35,0.9301,0,1.0,,3.3,10,-1.2498,True,False
2026-06-01T07:27:29+00:00,72914.0,BEAR,0.7153,0.0413,0.8161,0.036,0.1065,-0.7162,-0.1339,0.0054,0.3895,-0.4846,-0.7084,RISK_OFF,0.15,0.9184,0,1.0,,3.3,11,-1.2082,True,False
2026-06-02T07:04:47+00:00,69738.9296875,BEAR,0.361,0.1516,0.4908,0.1291,0.2285,-0.7704,1.0,-0.6918,0.2329,-0.4458,-0.3145,RISK_OFF,0.35,0.8799,0,1.0,,3.3,12,-0.4809,True,False
2026-06-03T07:19:33+00:00,67212.328125,TRANSITION,0.1801,0.0626,0.3592,0.0664,0.5117,-0.7756,0.704,0.5036,-0.0472,-0.892,-0.349,RISK_OFF,0.35,0.8497,0,1.0,,3.3,1,1.3403,True,False
2026-06-04T06:59:39+00:00,63949.109375,TRANSITION,0.1113,0.0563,0.3949,0.0596,0.4892,-0.7807,0.4793,0.5992,0.0191,-0.7759,-0.3844,RISK_OFF,0.35,0.8102,0,1.0,,3.3,2,1.6049,True,False
2026-06-05T06:47:17+00:00,61872.0,TRANSITION,0.1075,0.0383,0.417,0.0405,0.5042,-0.7901,0.0502,1.0,-0.1628,-0.7315,-0.4293,RISK_OFF,0.35,0.7854,0,1.0,,3.3,3,1.7341,True,False
2026-06-06T06:06:30+00:00,61065.2109375,TRANSITION,0.3359,0.0863,0.2859,0.0681,0.5597,-0.7961,0.602,-0.3784,-0.0793,-1.0,-0.2729,RISK_NEUTRAL,0.6,0.7752,0,1.0,,3.3,4,2.0303,True,False
2026-06-07T06:46:26+00:00,62096.05859375,TRANSITION,0.0765,0.0532,0.4574,0.0306,0.4588,-0.7961,-1.0,-0.6326,-0.3394,-1.0,-0.4487,RISK_OFF,0.35,0.7913,0,1.0,,3.3,5,2.0945,True,False
2026-06-08T07:11:27+00:00,62916.12109375,TRANSITION,0.0803,0.0456,0.4795,0.032,0.4429,-0.8001,-1.0,-0.1162,-0.3202,-1.0,-0.4709,RISK_OFF,0.35,0.8029,0,1.0,,3.3,6,2.1999,True,False
2026-06-09T06:30:50+00:00,63426.0,TRANSITION,0.0987,0.0322,0.5108,0.0246,0.4324,-0.7983,-1.0,-0.2688,-0.7188,-1.0,-0.5105,RISK_OFF,0.35,0.8106,0,1.0,,3.3,7,1.8816,True,False
2026-06-10T06:47:31+00:00,61399.53125,BEAR,0.0656,0.019,0.5039,0.0158,0.4614,-0.8145,-0.96,0.6353,-0.7102,-1.0,-0.5243,RISK_OFF,0.35,0.7859,0,1.0,,3.3,1,1.7566,True,False
2026-06-11T07:12:49+00:00,62591.98046875,BEAR,0.3789,0.0145,0.6785,0.0135,0.2935,-0.809,-1.0,1.0,-0.7602,-1.0,-0.6523,RISK_OFF,0.15,0.8024,0,1.0,,3.3,2,1.8087,True,False
2026-06-12T06:59:24+00:00,62913.98828125,BEAR,0.1238,0.0305,0.5432,0.0238,0.4025,-0.8083,-1.0,-0.1661,-0.813,-1.0,-0.5354,RISK_OFF,0.35,0.8078,0,1.0,,3.3,3,1.8451,True,False
2026-06-13T06:35:40+00:00,63646.94140625,BEAR,0.2658,0.0284,0.5963,0.0226,0.3527,-0.8128,-1.0,-0.2562,-0.7798,-0.9609,-0.5754,RISK_OFF,0.35,0.8184,0,1.0,,3.3,4,1.52,True,False
2026-06-14T07:03:02+00:00,64249.859375,BEAR,0.2877,0.0331,0.5969,0.0239,0.3461,-0.8209,-1.0,-0.4389,-0.7801,-0.9609,-0.5704,RISK_OFF,0.35,0.8276,0,1.0,,3.3,5,1.4212,True,False
2026-06-15T07:42:50+00:00,65705.9921875,BEAR,0.2113,0.0336,0.5744,0.024,0.368,-0.8111,-1.0,-0.3854,-0.8121,-0.8381,-0.5541,RISK_OFF,0.35,0.8462,0,1.0,,3.3,6,1.5636,True,False
2026-06-16T05:29:43+00:00,66040.671875,BEAR,0.16,0.0397,0.5419,0.026,0.3925,-0.7766,-1.0,-0.6128,-0.8704,-0.9968,-0.524,RISK_OFF,0.35,0.8519,0,1.0,,3.3,7,1.4659,True,False
2026-06-17T05:12:26+00:00,65741.5703125,BEAR,0.0704,0.0314,0.4794,0.025,0.4642,-0.6457,-1.0,-0.2231,-0.8491,-0.7347,-0.4893,RISK_OFF,0.35,0.8494,0,1.0,,3.3,8,1.3762,True,False
2026-06-18T04:59:43+00:00,63875.12109375,BEAR,0.1445,0.0373,0.5344,0.0338,0.3946,-0.56,-0.7852,0.1706,-0.8425,-0.9257,-0.5165,RISK_OFF,0.35,0.8268,0,1.0,,3.3,9,1.3653,True,False
2026-06-19T05:22:14+00:00,62558.08984375,BEAR,0.1578,0.0294,0.5358,0.0266,0.4082,-0.6243,-0.8789,0.66,-0.786,-1.0,-0.5297,RISK_OFF,0.35,0.8111,0,1.0,,3.3,10,1.3198,True,False
2026-06-20T04:39:36+00:00,63482.23046875,BEAR,0.4666,0.0229,0.6694,0.0224,0.2853,-0.5568,-1.0,1.0,-0.7476,-1.0,-0.6323,RISK_OFF,0.15,0.8231,0,1.0,,3.3,11,1.2355,True,False
2026-06-21T05:17:04+00:00,64160.1015625,BEAR,0.1319,0.0432,0.5169,0.0359,0.404,-0.4093,-1.0,-0.0959,-0.5,-1.0,-0.4972,RISK_OFF,0.35,0.8331,0,1.0,,3.3,12,1.1569,True,False
2026-06-22T05:28:09+00:00,64179.19921875,BEAR,0.1265,0.0795,0.4947,0.0464,0.3794,-0.3601,-1.0,-0.8146,-0.7831,-1.0,-0.4389,RISK_OFF,0.35,0.8364,0,1.0,,3.3,13,1.0219,True,False
2026-06-23T04:18:50+00:00,63905.6484375,BEAR,0.073,0.0573,0.4541,0.0401,0.4485,-0.3477,-0.8127,-0.5003,-0.2997,-1.0,-0.4366,RISK_OFF,0.35,0.8345,0,1.0,,3.3,14,0.9345,True,False
2026-06-24T04:23:06+00:00,62522.4609375,BEAR,0.0743,0.0462,0.4268,0.0356,0.4914,-0.4126,-0.5433,0.4005,-0.4491,-1.0,-0.4312,RISK_OFF,0.35,0.8178,0,1.0,,3.3,15,0.9114,True,False
2026-06-25T04:22:05+00:00,60756.21875,BEAR,0.0747,0.0745,0.4185,0.0563,0.4507,-0.4351,-0.1644,-0.5405,-0.3561,-1.0,-0.3847,RISK_OFF,0.35,0.7962,0,1.0,,3.3,16,0.9311,True,False
2026-06-26T04:38:06+00:00,59824.0,BEAR,0.083,0.0648,0.3994,0.068,0.4677,-0.3729,-0.0448,0.2245,-0.6149,-0.3932,-0.374,RISK_OFF,0.35,0.7856,0,1.0,,3.3,17,0.8444,True,False
2026-06-27T04:14:40+00:00,60312.609375,BEAR,0.1633,0.0873,0.3447,0.0767,0.4913,-0.2349,-0.3527,1.0,-0.3337,-0.3463,-0.308,RISK_OFF,0.35,0.7936,0,1.0,,3.3,18,0.836,True,False
2026-06-28T04:47:38+00:00,60076.98046875,BEAR,0.0732,0.0919,0.4332,0.058,0.4169,-0.188,-1.0,-0.4786,-0.1718,-0.3248,-0.3766,RISK_OFF,0.35,0.7922,0,1.0,,3.3,19,0.768,True,False
2026-06-29T04:57:43+00:00,59728.140625,BEAR,0.0963,0.1212,0.3688,0.0543,0.4557,-0.2188,-0.8896,-0.5617,-0.1839,-0.2808,-0.3044,RISK_OFF,0.35,0.7893,0,1.0,,3.3,20,0.7162,True,False
2026-06-30T04:22:55+00:00,59388.30078125,TRANSITION,0.0912,0.1419,0.3297,0.0875,0.4409,-0.3162,-0.4399,-0.6045,0.2111,-0.1794,-0.2364,RISK_NEUTRAL,0.5,0.7865,0,1.0,,3.3,1,0.6408,True,False
2026-07-01T04:52:07+00:00,59285.98828125,TRANSITION,0.2009,0.0776,0.3085,0.057,0.5568,-0.1431,-0.3053,0.7566,-0.2,-0.2307,-0.304,RISK_OFF,0.35,0.7867,0,1.0,,3.3,2,0.7471,True,False
2026-07-02T04:19:42+00:00,60829.5,TRANSITION,0.2854,0.2208,0.2058,0.0612,0.5121,0.7047,-0.4816,0.5772,-0.0373,-0.3832,-0.0865,RISK_NEUTRAL,0.6,0.8088,0,1.0,,3.3,3,1.6143,False,False
2026-07-03T04:05:47+00:00,61350.5,BULL,0.3785,0.7005,0.0473,0.0686,0.1837,0.7083,0.5801,-1.0,0.0448,-0.3801,0.5086,RISK_ON,1.0,0.8173,0,1.0,,3.3,1,-0.7485,False,False
2026-07-04T03:58:56+00:00,62586.66015625,BULL,0.4394,0.8346,0.0419,0.0554,0.0681,0.715,0.3629,-0.3082,0.1911,-0.3812,0.6386,RISK_ON,1.0,0.835,0,1.0,,3.3,2,-1.5753,False,False
2026-07-05T04:17:56+00:00,62745.6796875,BULL,0.4698,0.7203,0.1023,0.0595,0.1179,0.7048,0.1135,0.5771,0.0306,-0.3822,0.4844,RISK_ON,1.0,0.8386,0,1.0,,3.3,3,-1.8046,False,False
2026-07-06T04:36:53+00:00,63223.171875,BULL,0.5035,0.8112,0.0783,0.0522,0.0583,0.7091,0.6601,0.5089,0.0249,-0.4101,0.5877,RISK_ON,1.0,0.8462,0,1.0,,3.3,4,-3.0,False,False
2026-07-07T04:14:56+00:00,63156.55078125,BULL,0.5373,0.8453,0.0548,0.0662,0.0337,0.6889,1.0,0.0926,0.4269,-0.313,0.6466,RISK_ON,1.0,0.8466,0,1.0,,3.3,5,-2.7957,False,False
2026-07-08T03:41:03+00:00,62870.609375,BULL,0.5711,0.8701,0.0408,0.0549,0.0341,0.692,1.0,0.3348,0.092,-0.473,0.6745,RISK_ON,1.0,0.8441,0,1.0,,3.3,6,-2.9375,False,False
2026-07-09T04:11:08+00:00,61991.73046875,BULL,0.6048,0.9091,0.0239,0.0427,0.0244,0.6819,0.9588,-1.0,0.0219,-0.724,0.7179,RISK_ON,1.0,0.8338,0,1.0,,3.3,7,-2.3989,False,False
2026-07-10T04:11:13+00:00,63896.12109375,BULL,0.6048,0.8121,0.0656,0.0813,0.0411,0.6878,1.0,0.2977,0.2987,-0.6504,0.6149,RISK_ON,1.0,0.8608,0,1.0,,3.3,8,-2.1572,False,False
2026-07-11T03:38:13+00:00,64139.6796875,BULL,0.6048,0.8728,0.0325,0.0559,0.0388,0.689,0.8045,-0.6453,0.2168,-0.6852,0.6835,RISK_ON,1.0,0.8655,0,1.0,,3.3,9,-2.0271,False,False
2026-07-12T03:52:57+00:00,64131.87890625,BULL,0.6048,0.7536,0.1092,0.0501,0.0872,0.7032,0.2948,0.5781,0.1727,-0.687,0.5072,RISK_ON,1.0,0.8668,0,1.0,,3.3,10,-2.2477,False,False
2026-07-13T03:56:18+00:00,63802.02734375,BULL,0.6757,0.7176,0.114,0.0743,0.094,0.6596,0.0735,-0.5861,0.2538,-0.7315,0.4824,RISK_ON,1.0,0.8624,0,1.0,,3.3,11,-2.2372,False,False
2026-07-14T03:29:54+00:00,63758.21875,BULL,0.4395,0.5835,0.1414,0.1277,0.1474,0.5015,0.4166,0.6991,-0.0055,-0.9178,0.3611,RISK_ON,1.0,0.8632,0,1.0,,3.3,12,-2.0007,False,False
2026-07-15T03:29:23+00:00,64531.2890625,BULL,0.3121,0.5108,0.2012,0.1565,0.1316,0.4245,0.7479,0.2317,0.1431,-0.9143,0.2639,RISK_NEUTRAL,0.85,0.8765,0,1.0,,3.3,13,-1.2295,False,False
2026-07-16T03:33:08+00:00,64640.25,BULL,0.6048,0.7156,0.0722,0.1029,0.1093,0.3846,0.497,-1.0,-0.021,-0.4069,0.5268,RISK_ON,1.0,0.8793,0,1.0,,3.3,14,-1.0084,False,False
2026-07-17T03:33:49+00:00,63599.19921875,BULL,0.3711,0.5365,0.1295,0.1655,0.1684,0.2669,0.4614,-0.2928,-0.03,-0.3916,0.3452,RISK_ON,1.0,0.8666,0,1.0,,3.3,15,-0.8869,False,False
2026-07-18T03:28:04+00:00,63909.98828125,BULL,0.2086,0.4314,0.2245,0.1506,0.1935,0.3918,0.346,0.6524,-0.1076,-0.4486,0.1647,RISK_NEUTRAL,0.85,0.8722,0,1.0,,3.3,16,-0.9607,False,False
2026-07-19T03:49:02+00:00,64650.23046875,BULL,0.4099,0.5364,0.1961,0.079,0.1885,0.5104,-0.3746,-0.6662,0.0505,-0.4463,0.2465,RISK_NEUTRAL,0.85,0.8837,0,1.0,,3.3,17,-1.056,False,False
2026-07-20T04:00:46+00:00,64811.859375,BULL,0.1425,0.4074,0.2891,0.0861,0.2173,0.3792,-0.2805,0.3428,0.0534,-0.4463,0.0,RISK_NEUTRAL,0.7,0.8873,0,1.0,,3.3,18,-1.0009,False,False
2026-07-21T03:40:47+00:00,65475.26953125,BULL,0.2066,0.4378,0.1695,0.1598,0.2329,0.395,0.7833,0.2275,-0.3237,-0.597,0.2151,RISK_NEUTRAL,0.85,0.8978,0,1.0,,3.3,19,-0.9264,False,False
2026-07-22T03:41:11+00:00,66209.140625,BULL,0.0672,0.331,0.2427,0.1527,0.2737,0.4654,0.7786,-1.0,-0.5169,-0.7353,0.0,RISK_NEUTRAL,0.7,0.9094,0,1.0,,3.3,20,-0.9214,False,False
2026-07-23T03:40:41+00:00,65667.359375,BULL,0.0872,0.3386,0.3019,0.1756,0.1839,-0.2297,0.4737,-0.9265,-0.3479,-0.7783,0.0,RISK_NEUTRAL,0.7,0.9034,0,1.0,,3.3,21,-0.7796,False,False
2026-07-24T03:39:20+00:00,65279.98828125,BULL,0.0691,0.3404,0.2719,0.1184,0.2693,0.4675,0.1669,0.6666,-0.325,-1.0,0.0,RISK_NEUTRAL,0.7,0.8997,0,1.0,,3.3,22,-0.8747,False,False
2026-07-25T03:34:39+00:00,64038.8515625,BULL,0.2171,0.4503,0.1914,0.1234,0.2349,0.4085,0.3867,-0.2739,-0.5937,-1.0,0.1904,RISK_NEUTRAL,0.85,0.8844,0,1.0,,3.3,23,-0.9787,False,False
2026-07-26T03:51:55+00:00,64484.140625,BULL,0.1102,0.3287,0.4202,0.0876,0.1635,0.4527,-0.4408,-0.0827,-0.5729,-1.0,-0.1128,RISK_NEUTRAL,0.7,0.8924,0,1.0,,3.3,24,-1.1436,False,False
2026-07-27T03:59:07+00:00,65238.83984375,BEAR,0.1531,0.2869,0.4516,0.0671,0.1943,0.5389,-0.2392,-0.1457,-0.325,-1.0,-0.189,RISK_NEUTRAL,0.5,0.9045,0,1.0,,3.3,1,-1.0319,True,False
2026-07-28T03:31:08+00:00,63183.73828125,BULL,0.0674,0.3915,0.201,0.1079,0.2995,0.3328,0.3264,-1.0,-0.6786,-0.9392,0.0,RISK_NEUTRAL,0.7,0.8777,0,1.0,,3.3,0,-0.4124,False,False
2026-07-29T03:34:45+00:00,63657.26171875,BULL,0.0567,0.3542,0.2231,0.1129,0.3098,0.3792,0.098,0.7725,-0.5812,-0.7689,0.0,RISK_NEUTRAL,0.7,0.8859,0,1.0,,3.3,1,-0.6245,False,False
2026-07-30T03:23:55+00:00,64140.0,BULL,0.0902,0.4295,0.1484,0.1156,0.3064,0.4528,0.5567,-1.0,-0.5851,-0.3071,0.0,RISK_NEUTRAL,0.7,0.8942,0,1.0,,3.3,2,-0.616,False,False
2026-07-31T03:47:36+00:00,64313.21875,BULL,0.5839,0.7435,0.0386,0.0758,0.1421,0.5038,0.7083,-1.0,-0.5448,0.6233,0.5619,RISK_ON,1.0,0.8983,0,1.0,,3.3,3,-1.0988,False,False
2026-08-01T03:46:57+00:00,62934.9296875,BULL,0.3626,0.5343,0.086,0.1662,0.2135,-0.0951,0.6205,-0.0162,-0.2194,0.7978,0.3738,RISK_ON,1.0,0.8808,0,1.0,,3.3,4,-0.8108,False,False
2026-08-02T03:49:14+00:00,63435.23828125,BEAR,0.3419,0.1494,0.6396,0.0676,0.1434,-0.2623,-0.4258,0.969,-0.2051,0.7978,-0.4578,RISK_OFF,0.35,0.8897,0,1.0,,3.3,1,-1.149,True,False
2026-08-03T03:50:34+00:00,62836.05078125,BEAR,0.3272,0.1558,0.6248,0.0699,0.1495,-0.6122,-0.1203,-0.5909,-0.1946,0.7028,-0.4397,RISK_OFF,0.35,0.8835,0,1.0,,3.3,2,-1.5328,True,False
2026-08-04T03:33:33+00:00,63760.19921875,BEAR,0.2933,0.1967,0.511,0.1315,0.1608,-0.5037,0.9187,0.8819,-0.3343,0.503,-0.2821,RISK_NEUTRAL,0.5,0.8985,0,1.0,,3.3,3,-1.6019,True,False
2026-08-05T03:29:22+00:00,64022.3984375,BEAR,0.2022,0.2436,0.4485,0.1471,0.1608,-0.5255,0.5982,0.1312,0.1717,0.5859,-0.1821,RISK_NEUTRAL,0.5,0.9042,0,1.0,,3.3,4,-1.5067,True,False
2026-08-06T03:32:36+00:00,64510.23828125,BULL,0.1427,0.4324,0.2712,0.1494,0.1471,-0.3669,0.3412,-0.6965,-0.3113,0.7385,0.0,RISK_NEUTRAL,0.7,0.911,0,1.0,,3.3,1,-1.2591,False,False
2026-08-07T03:13:37+00:00,64281.51171875,BULL,0.2103,0.4651,0.2494,0.1414,0.1441,-0.179,0.0854,-0.8615,0.1208,-0.0794,0.1753,RISK_NEUTRAL,0.85,0.9117,0,1.0,,3.3,2,-1.4446,False,False
2026-08-08T02:19:18+00:00,64858.6484375,BEAR,0.1772,0.2387,0.4204,0.163,0.1778,-0.0026,0.5873,0.5883,-0.1993,-0.1537,-0.1578,RISK_NEUTRAL,0.5,0.9217,0,1.0,,3.3,1,-1.6519,True,False
2026-08-09T02:26:19+00:00,64788.9609375,BEAR,0.487,0.0385,0.8762,0.0274,0.0578,-0.8556,-0.2894,0.7013,0.1001,-0.152,-0.7584,RISK_OFF,0.15,0.9222,0,1.0,,3.3,2,-1.7474,True,False
2026-08-10T02:31:21+00:00,64943.359375,BEAR,0.6063,0.0417,0.8413,0.0294,0.0876,-0.8527,-0.0083,-0.4104,-0.1104,-0.2473,-0.7297,RISK_OFF,0.15,0.926,0,1.0,,3.3,3,-1.8455,True,False
2026-08-11T02:24:29+00:00,63996.23046875,BEAR,0.2273,0.2422,0.4432,0.1322,0.1824,-0.355,0.5928,0.9867,0.0369,-0.0425,-0.1888,RISK_NEUTRAL,0.5,0.9142,0,1.0,,3.3,4,-1.533,True,False
2026-08-12T02:40:47+00:00,63717.30078125,BEAR,0.2278,0.2166,0.416,0.1431,0.2243,-0.2309,0.4457,0.8827,0.149,-0.2064,-0.1887,RISK_NEUTRAL,0.5,0.9119,0,1.0,,3.3,5,-1.3944,True,False
2026-08-13T02:44:03+00:00,63413.80859375,BEAR,0.1343,0.2858,0.3955,0.1796,0.1392,-0.486,0.9187,1.0,0.2565,-0.1388,-0.0833,RISK_NEUTRAL,0.5,0.9092,0,1.0,,3.3,6,-1.9221,True,False
2026-08-14T02:42:36+00:00,63458.44921875,BEAR,0.1562,0.348,0.4682,0.1287,0.055,-0.6548,1.0,0.3579,0.0622,-0.017,-0.1025,RISK_NEUTRAL,0.5,0.9114,0,1.0,,3.3,7,-3.0,True,False
2026-08-15T01:47:36+00:00,62960.109375,BEAR,0.3731,0.2541,0.5638,0.1236,0.0585,-0.6669,1.0,0.2486,0.2024,0.2761,-0.2664,RISK_NEUTRAL,0.5,0.9059,0,1.0,,3.3,8,-2.8477,True,False
2026-08-16T01:55:19+00:00,62976.1796875,BEAR,0.6678,0.1477,0.7407,0.0591,0.0525,-0.5991,-0.0238,0.4578,0.2385,0.2617,-0.5353,RISK_OFF,0.35,0.9078,0,1.0,,3.3,9,-2.6361,True,False
2026-08-17T01:53:06+00:00,63099.140625,BEAR,0.5384,0.1992,0.6774,0.0561,0.0673,-0.6408,-0.0147,-0.7437,-0.0224,0.2972,-0.4413,RISK_OFF,0.35,0.9113,0,1.0,,3.3,10,-2.3295,True,False
2026-08-18T01:48:20+00:00,64170.7109375,BEAR,0.0803,0.3797,0.3142,0.1742,0.132,-0.4241,1.0,-0.8303,0.2694,0.2345,0.0,RISK_NEUTRAL,0.5,0.9282,0,1.0,,3.3,11,-1.8909,True,False
2026-08-19T01:50:48+00:00,64360.7109375,BULL,0.0682,0.3211,0.3695,0.1769,0.1325,-0.383,0.5622,-0.0249,0.65,0.0821,-0.0314,RISK_NEUTRAL,0.7,0.9322,0,1.0,,3.3,1,-1.5743,False,False
2026-08-20T01:49:01+00:00,69776.203125,TRANSITION,0.0643,0.4867,0.0385,0.0778,0.397,0.4921,1.0,-1.0,0.8109,0.3864,0.0,RISK_NEUTRAL,0.5,1.0113,1,1.0,,3.3,1,1.9425,False,False
2026-08-21T01:55:25+00:00,75301.0078125,TRANSITION,0.1021,0.3618,0.0451,0.0595,0.5336,0.7488,0.6,-0.2501,0.3181,0.4074,0.0,RISK_NEUTRAL,0.5,1.0915,2,1.0,,3.3,2,3.0,False,False
2026-08-22T01:48:06+00:00,77936.0234375,TRANSITION,0.1861,0.3028,0.04,0.0482,0.609,0.7582,0.6,-0.3931,0.459,0.3093,0.1037,RISK_NEUTRAL,0.6,1.13,3,1.0,,3.3,3,3.0,False,False
2026-08-23T01:57:53+00:00,77167.8203125,TRANSITION,0.277,0.2559,0.1053,0.0445,0.5944,0.7512,-0.4902,0.5493,0.4644,0.3219,0.0088,RISK_NEUTRAL,0.7,1.1187,4,1.0,,3.3,4,2.7589,False,False
2026-08-24T01:55:26+00:00,77152.546875,TRANSITION,0.319,0.2948,0.0985,0.0476,0.559,0.7492,-0.7006,-0.0407,0.7883,0.2647,0.0544,RISK_NEUTRAL,0.6,1.1181,5,1.0,,3.3,5,2.3271,False,False
2026-08-25T01:49:59+00:00,79706.1796875,TRANSITION,0.1215,0.3546,0.0746,0.0796,0.4912,0.7756,0.3583,0.1869,0.825,0.0106,0.0,RISK_NEUTRAL,0.5,1.1537,6,1.0,,3.3,6,2.1303,False,False
2026-08-26T01:56:15+00:00,78759.046875,TRANSITION,0.1406,0.3918,0.062,0.0506,0.4956,0.7797,-0.1008,0.0646,0.5303,0.3754,0.0,RISK_NEUTRAL,0.5,1.1393,7,1.0,,3.3,7,1.885,False,False
2026-08-27T09:37:39+00:00,80220.9765625,TRANSITION,0.2137,0.3519,0.1,0.045,0.5032,0.7967,-0.5326,0.2171,0.325,0.5592,0.1089,RISK_NEUTRAL,0.6,1.1589,9,1.0,,3.3,8,1.4525,False,False
2026-08-28T11:19:17+00:00,79675.59375,TRANSITION,0.1113,0.3863,0.0878,0.0539,0.4721,0.7901,-0.3014,0.0174,0.4436,0.1942,0.0,RISK_NEUTRAL,0.5,1.1502,10,1.0,,3.3,9,1.3896,False,True
2026-08-29T07:00:40+00:00,77466.609375,TRANSITION,0.3005,0.3428,0.0495,0.0319,0.5758,0.7752,-0.5297,-1.0,0.7759,0.1691,0.1273,RISK_NEUTRAL,0.6,1.1185,10,1.0,,3.3,10,1.6605,False,True
2026-08-30T05:19:46+00:00,78128.796875,TRANSITION,0.6461,0.195,0.087,0.0258,0.6922,0.7797,-1.0,0.5322,0.5646,-0.0135,-0.0504,RISK_NEUTRAL,0.7,1.128,10,1.0,,3.3,11,1.5542,False,True
2026-08-31T05:27:17+00:00,78057.5390625,TRANSITION,0.4241,0.2529,0.1312,0.0366,0.5793,0.7804,-0.8926,-0.4352,0.5222,0.0091,-0.017,RISK_NEUTRAL,0.7,1.1262,11,1.0,,3.3,12,1.4752,False,True
2026-09-01T05:02:06+00:00,78741.8203125,TRANSITION,0.1961,0.3553,0.0816,0.0368,0.5263,0.8402,-0.4101,-1.0,0.162,-0.6243,0.1203,RISK_NEUTRAL,0.6,1.1342,13,1.0,,3.3,13,1.1062,False,True
2026-09-02T04:25:36+00:00,77371.2578125,TRANSITION,0.1926,0.3414,0.099,0.0502,0.5093,0.8543,-0.415,0.0089,0.082,-0.752,0.1023,RISK_NEUTRAL,0.6,1.1138,14,1.0,,3.3,14,1.1117,False,True
2026-09-03T04:18:37+00:00,77585.5625,TRANSITION,0.112,0.354,0.1355,0.059,0.4516,0.858,-0.5475,-0.1858,-0.0269,-0.8388,0.0,RISK_NEUTRAL,0.5,1.1162,15,1.0,,3.3,15,1.0347,False,True
2026-09-04T04:25:16+00:00,81205.078125,TRANSITION,0.104,0.3674,0.1146,0.06,0.458,0.9165,-0.0763,0.4501,0.0494,-0.589,0.0,RISK_NEUTRAL,0.5,1.1673,16,1.0,,3.3,16,1.2467,False,True
2026-09-05T04:21:02+00:00,79578.34375,TRANSITION,0.1263,0.3731,0.0931,0.0559,0.4779,0.9037,-0.3915,-0.4432,-0.1973,-0.403,0.0,RISK_NEUTRAL,0.5,1.143,17,1.0,,3.3,17,1.2879,False,True
2026-09-06T04:32:12+00:00,79920.6484375,TRANSITION,0.3471,0.2864,0.1056,0.0334,0.5745,0.8819,-0.9753,0.3517,0.025,-0.403,0.0325,RISK_NEUTRAL,0.6,1.1469,18,1.0,,3.3,18,1.1743,False,True
