date,fundingRate
2021-03-21,0.0
2021-03-22,0.0
2021-03-23,0.0
2021-03-24,0.0
2021-03-25,0.0
2021-03-26,0.0
2021-03-27,0.0
2021-03-28,0.0
2021-03-29,0.0
2021-03-30,0.0
2021-03-31,0.0
2021-04-01,0.0
2021-04-02,0.0
2021-04-03,0.0
2021-04-04,0.0
2021-04-05,0.0
2021-04-06,-6.323727781392461e-05
2021-04-07,-0.00021325540363257742
2021-04-08,-4.815816063875412e-05
2021-04-09,-6.611172439243778e-05
2021-04-10,0.00021170210644754628
2021-04-11,0.00014110206569427054
2021-04-12,5.949746874125233e-05
2021-04-13,0.00044196570515002225
2021-04-14,0.0005495437951239707
2021-04-15,0.0003992666723338897
2021-04-16,0.0002671712687323412
2021-04-17,2.208936099520625e-05
2021-04-18,-0.00029278755843429954
2021-04-19,-0.00030968447182250745
2021-04-20,-0.0004553397836857838
2021-04-21,-0.0005373806294738071
2021-04-22,-0.00060100550705175
2021-04-23,-0.0005066694593162513
2021-04-24,-0.00047665039263469387
2021-04-25,-0.0003514569099684165
2021-04-26,-7.778873696654964e-05
2021-04-27,-6.729221142550669e-05
2021-04-28,5.263507921138405e-05
2021-04-29,9.531779818768802e-05
2021-04-30,0.0003249353744158705
2021-05-01,0.00038321337342287685
2021-05-02,0.0003678091991786768
2021-05-03,0.00014489142816256242
2021-05-04,-8.721722350179033e-05
2021-05-05,0.00012037909512007419
2021-05-06,0.00013291885548594046
2021-05-07,-1.7089803551839876e-05
2021-05-08,4.8259094233802625e-05
2021-05-09,7.436106289887994e-05
2021-05-10,-6.018524317265748e-05
2021-05-11,0.00016258711737146583
2021-05-12,-0.0003693069067896467
2021-05-13,-0.0003124755738510073
2021-05-14,-0.00034665873775938387
2021-05-15,-0.0005490339968249009
2021-05-16,-0.000517480498404979
2021-05-17,-0.0005417155449284957
2021-05-18,-0.0005733123490126018
2021-05-19,-0.0005739431451021285
2021-05-20,-0.0003845865021210281
2021-05-21,-0.0005297327661494391
2021-05-22,-0.00040289757949277304
2021-05-23,-0.0005156495521078388
2021-05-24,-0.00020389484881972445
2021-05-25,-0.00019761037547213776
2021-05-26,0.00011651251218449051
2021-05-27,-9.150521956567516e-05
2021-05-28,-8.098299186962148e-05
2021-05-29,-0.00014318485875681493
2021-05-30,4.945727239893125e-05
2021-05-31,-7.86354943667888e-05
2021-06-01,-9.309959809842742e-05
2021-06-02,-9.40010981842272e-05
2021-06-03,3.693461042888998e-05
2021-06-04,6.799080857207959e-05
2021-06-05,5.567168929353637e-05
2021-06-06,7.997574913989016e-06
2021-06-07,-0.00022406289364587957
2021-06-08,-0.0002047062870871993
2021-06-09,-1.0780987052247183e-05
2021-06-10,-0.00015214144396228884
2021-06-11,2.868362541822848e-05
2021-06-12,2.08629878579236e-07
2021-06-13,0.00018132054766305806
2021-06-14,0.00037166012823121384
2021-06-15,0.0003483073595989702
2021-06-16,4.901191335309678e-05
2021-06-17,7.65667097491305e-05
2021-06-18,-9.138269337479638e-05
2021-06-19,-1.7087036653529966e-06
2021-06-20,-0.00023367782032708738
2021-06-21,-0.0006185755684903885
2021-06-22,-0.000564241931219862
2021-06-23,-0.0003457563486887592
2021-06-24,-0.000252957376102253
2021-06-25,-0.0003360500348662659
2021-06-26,-0.0002510144308556406
2021-06-27,-6.703312077387486e-05
2021-06-28,0.00022319895290578482
2021-06-29,0.0002503472669475335
2021-06-30,0.00010142821200560931
2021-07-01,-8.21939870501509e-05
2021-07-02,0.00016933398002310634
2021-07-03,0.00017575269472790305
2021-07-04,4.0721251551217294e-05
2021-07-05,-5.7265359337492285e-05
2021-07-06,-0.00011800671433880062
2021-07-07,-8.593842407522442e-05
2021-07-08,-5.133538434060617e-05
2021-07-09,-2.5620656993207065e-08
2021-07-10,-8.764319561071159e-05
2021-07-11,-7.649668050745819e-05
2021-07-12,-4.711102636483491e-05
2021-07-13,-0.0001167740667473335
2021-07-14,-9.061841697258629e-05
2021-07-15,-9.926245586096135e-05
2021-07-16,-0.0002365874733170778
2021-07-17,-0.00019708905049633805
2021-07-18,-0.0002401143871468476
2021-07-19,-0.00022806313764642047
2021-07-20,-0.00030598657148508637
2021-07-21,-7.877348315228633e-05
2021-07-22,5.785761186212133e-05
2021-07-23,0.0002995547611434663
2021-07-24,0.00035432406250497195
2021-07-25,0.00045132850688109577
2021-07-26,0.0007104244879335841
2021-07-27,0.0008430566794766046
2021-07-28,0.000604031555289155
2021-07-29,0.0005545812508113609
2021-07-30,0.000547958602439946
2021-07-31,0.000443730237073417
2021-08-01,0.0002765827566234191
2021-08-02,0.00011434043278797674
2021-08-03,-7.734972881347083e-05
2021-08-04,-1.6829624028759467e-05
2021-08-05,4.930915796769827e-05
2021-08-06,3.4155252564959846e-05
2021-08-07,0.00017176615814613484
2021-08-08,0.00022222220089821915
2021-08-09,0.00038867784563431716
2021-08-10,0.0004072276441466219
2021-08-11,0.0003139573963613392
2021-08-12,0.00019404873936930007
2021-08-13,0.0002606479218931796
2021-08-14,0.00013060250734836206
2021-08-15,0.000175843803895211
2021-08-16,-2.0264166639359844e-05
2021-08-17,-5.331117794623839e-05
2021-08-18,-5.027415869905976e-05
2021-08-19,0.00014780804436015504
2021-08-20,9.115655153737325e-05
2021-08-21,0.00010922624998131782
2021-08-22,0.00013966140299771958
2021-08-23,0.00022267226403262035
2021-08-24,0.00019223225851078884
2021-08-25,0.00027677914403333073
2021-08-26,6.4318303905328645e-06
2021-08-27,-1.7557480347216028e-05
2021-08-28,3.8641688500669025e-06
2021-08-29,-4.124568899873992e-05
2021-08-30,-0.00022291721863443333
2021-08-31,-4.8250922627532405e-05
2021-09-01,-1.3635233105907858e-05
2021-09-02,0.00022196543822678626
2021-09-03,8.34593541873773e-05
2021-09-04,9.129296165533256e-05
2021-09-05,0.0002651210837926739
2021-09-06,0.0004998423509449696
2021-09-07,-2.8082092494504677e-05
2021-09-08,-0.0002629491995125923
2021-09-09,-0.00029314345247762156
2021-09-10,-0.0005116572297607283
2021-09-11,-0.0004457211857014055
2021-09-12,-0.0005034532710663146
2021-09-13,-0.0006113497897366855
2021-09-14,2.2824959706816116e-05
2021-09-15,0.0001717897476103696
2021-09-16,0.00011342917897133054
2021-09-17,0.0002047955159226611
2021-09-18,0.00025796012491641044
2021-09-19,9.880860380812196e-05
2021-09-20,-0.00017659181574964817
2021-09-21,-0.0005215869969369067
2021-09-22,-0.0003537298746892188
2021-09-23,-0.00022267330348878112
2021-09-24,-0.0003623618069934602
2021-09-25,-0.0004364574013282269
2021-09-26,-0.00031436012209344345
2021-09-27,-6.0994526456816915e-05
2021-09-28,2.976481897050462e-05
2021-09-29,-0.00016787521811910655
2021-09-30,-8.424553828901245e-05
2021-10-01,0.00038501309728544106
2021-10-02,0.00034814706071108876
2021-10-03,0.00033570194596084735
2021-10-04,0.00044209386998300535
2021-10-05,0.0005810986271882904
2021-10-06,0.0006553057239146534
2021-10-07,0.00044187409556075476
2021-10-08,0.0002422621523325464
2021-10-09,0.000299875065832147
2021-10-10,0.00026645681715963476
2021-10-11,0.0003269214962798382
2021-10-12,0.00018248046974595288
2021-10-13,8.2545214887833e-05
2021-10-14,0.00014767572231768412
2021-10-15,0.00030538778703071296
2021-10-16,0.00023202266208214916
2021-10-17,0.0002654293217240485
2021-10-18,0.0001715733852645886
2021-10-19,0.0003086214822883079
2021-10-20,0.00031705000075970017
2021-10-21,0.0001992305143861867
2021-10-22,-4.0658182492176e-05
2021-10-23,1.8342559489790968e-05
2021-10-24,-2.8909945059327034e-05
2021-10-25,4.91087005137326e-05
2021-10-26,-0.00019008377526658052
2021-10-27,-0.00033711076490678884
2021-10-28,-7.452911779686837e-05
2021-10-29,7.279824215004064e-05
2021-10-30,2.6830001868208854e-05
2021-10-31,2.24951422762315e-05
2021-11-01,-9.458192275593101e-05
2021-11-02,0.00013150519411581405
2021-11-03,0.00020604951053574308
2021-11-04,4.04555097438228e-05
2021-11-05,-6.8207930390047e-05
2021-11-06,-2.0904365760051212e-05
2021-11-07,0.00011338218178978329
2021-11-08,0.0003800129835727267
2021-11-09,0.0002149686095903418
2021-11-10,0.00012560895618234135
2021-11-11,0.00021683676625549328
2021-11-12,0.00020324888604597731
2021-11-13,0.00018606414593591193
2021-11-14,0.00014622298150505968
2021-11-15,-0.0002527543402396917
2021-11-16,-0.0004362448260983491
2021-11-17,-0.0002893461192310869
2021-11-18,-0.0005088211631113819
2021-11-19,-0.0004026211159982569
2021-11-20,-0.00030958294323257476
2021-11-21,-0.0004342844977917968
2021-11-22,-0.00046088920858146533
2021-11-23,-0.0001626818157650902
2021-11-24,-0.00020427905951182765
2021-11-25,0.0001319216982428027
2021-11-26,-0.00030062662409694276
2021-11-27,-0.00032865802268571573
2021-11-28,-9.009986610684307e-05
2021-11-29,0.00010225698975695001
2021-11-30,-3.9302397489249866e-05
2021-12-01,3.518981044811591e-06
2021-12-02,-0.0001635966349045885
2021-12-03,-9.323749300400034e-06
2021-12-04,-0.0004189032270502873
2021-12-05,-0.0005458636262465097
2021-12-06,-0.0004807044056901702
2021-12-07,-0.00041855115006753183
2021-12-08,-0.00046705693955865785
2021-12-09,-0.0006358599702356672
2021-12-10,-0.00048039119488763266
2021-12-11,1.2175967898913515e-05
2021-12-12,5.16662506343722e-05
2021-12-13,-0.0003318827085444912
2021-12-14,-0.0002016868357091596
2021-12-15,-0.00014468434336538982
2021-12-16,3.8412705448659555e-06
2021-12-17,-9.480869094813969e-05
2021-12-18,-0.000232545740361825
2021-12-19,-0.00031341454670945356
2021-12-20,1.6983482043003187e-05
2021-12-21,4.70897297543225e-05
2021-12-22,-2.4321234233126574e-05
2021-12-23,0.00026748581979221044
2021-12-24,0.0003657119143346382
2021-12-25,0.0002706254882652385
2021-12-26,0.0002957130775344947
2021-12-27,0.0002661745668429185
2021-12-28,-9.785275377982019e-05
2021-12-29,-0.00015557850292067675
2021-12-30,-0.0002596483561849985
2021-12-31,-0.00032644746504384474
2022-01-01,-0.00018697648167966018
2022-01-02,-0.00024219943672624462
2022-01-03,-0.00030145613818932757
2022-01-04,-0.00013122046284976097
2022-01-05,-0.0002500711672734816
2022-01-06,-0.00033613532489336714
2022-01-07,-0.00040367046692079485
2022-01-08,-0.0005347560532422634
2022-01-09,-0.0004842593843811973
2022-01-10,-0.00040811913234902635
2022-01-11,-0.0002725327923748609
2022-01-12,4.3635138794919945e-05
2022-01-13,-4.734148059893488e-05
2022-01-14,0.00014012449397186283
2022-01-15,0.0001253557431994483
2022-01-16,0.00010842098573047042
2022-01-17,3.4815128772077865e-05
2022-01-18,-3.2739939579474655e-05
2022-01-19,-0.0001973841797400636
2022-01-20,-0.00017041362761024224
2022-01-21,-0.0005889001465925877
2022-01-22,-0.0006844341999013903
2022-01-23,-0.0005796979549606463
2022-01-24,-0.0004855129358093483
2022-01-25,-0.0004978168741364631
2022-01-26,-0.00048518233828541863
2022-01-27,-0.0003561446735601147
2022-01-28,0.0001300498038512781
2022-01-29,0.0002952870391193839
2022-01-30,0.00014693507860427988
2022-01-31,0.00015495062030232063
2022-02-01,0.00014574843377468665
2022-02-02,7.577267276039745e-06
2022-02-03,1.1633172303896803e-05
2022-02-04,0.00028788429660350507
2022-02-05,0.0002342021902515186
2022-02-06,0.00031210360555094537
2022-02-07,0.00035352160098089746
2022-02-08,0.00034378139553077483
2022-02-09,0.0004660564354320553
2022-02-10,0.00037509744966132176
2022-02-11,4.697183709156231e-05
2022-02-12,4.787244270718643e-05
2022-02-13,-1.9812604120326446e-05
2022-02-14,-7.398722491202888e-05
2022-02-15,2.7369694864922033e-05
2022-02-16,-2.915106839093595e-05
2022-02-17,-0.0001723671611417943
2022-02-18,-0.0001414324868875513
2022-02-19,-0.00012534618593726206
2022-02-20,-0.00022833521697995308
2022-02-21,-0.00036178361199746287
2022-02-22,-0.0004026045713285905
2022-02-23,-0.0004257899835555289
2022-02-24,-0.00014915292431166448
2022-02-25,-5.2898114605229855e-05
2022-02-26,-6.943826315045035e-05
2022-02-27,-5.07092396568429e-05
2022-02-28,0.0004209225671441097
2022-03-01,0.0003947575521809241
2022-03-02,0.0004185368514614395
2022-03-03,0.000256864253857688
2022-03-04,-5.480139743624672e-06
2022-03-05,1.7442827280442637e-05
2022-03-06,4.7700783257912794e-05
2022-03-07,-0.00031488485850699534
2022-03-08,-0.00033326910435727453
2022-03-09,-0.00011476710318834912
2022-03-10,-0.00018958778871000124
2022-03-11,-2.9344878439282546e-05
2022-03-12,-4.5492234734346236e-05
2022-03-13,-4.929858723678422e-05
2022-03-14,0.00012653882129100156
2022-03-15,4.271598839698567e-05
2022-03-16,-5.87659585252756e-05
2022-03-17,0.00011022744073364981
2022-03-18,0.00021731458976443515
2022-03-19,0.0002391982483185703
2022-03-20,0.00024273571223818585
2022-03-21,9.295787015378113e-05
2022-03-22,0.00020997734471121628
2022-03-23,0.00012298204700386046
2022-03-24,0.00022188754585491946
2022-03-25,0.00019950339866669334
2022-03-26,0.00018295699384240653
2022-03-27,0.00042727483822582816
2022-03-28,0.0004531966283318161
2022-03-29,0.0003673953707775927
2022-03-30,0.0003100918877567625
2022-03-31,0.00011849233341830329
2022-04-01,0.00016179925112628243
2022-04-02,0.00010774022002144905
2022-04-03,-3.483282296639726e-05
2022-04-04,-4.188710236022935e-05
2022-04-05,-0.00015537227112582495
2022-04-06,-0.0003336301405799603
2022-04-07,-0.00019789595995539525
2022-04-08,-0.00037334889120498017
2022-04-09,-0.0002843474098514919
2022-04-10,-0.00037370145054071806
2022-04-11,-0.0005647843797017106
2022-04-12,-0.00040929977756434935
2022-04-13,-0.00015395734854305656
2022-04-14,-0.0002631368642350138
2022-04-15,-0.00012825247208804707
2022-04-16,-0.0001760171009344727
2022-04-17,-0.00018610720176794062
2022-04-18,9.956020524909986e-05
2022-04-19,0.00011106482635128985
2022-04-20,1.748598265830293e-05
2022-04-21,4.37386106511473e-05
2022-04-22,-6.930578848940775e-05
2022-04-23,-7.930409828175072e-05
2022-04-24,-1.9040530239047243e-05
2022-04-25,-3.167093293881845e-05
2022-04-26,-0.00031055908204319653
2022-04-27,-0.00021340609676786358
2022-04-28,-8.283297458663597e-05
2022-04-29,-0.00014163356138951336
2022-04-30,-0.00023854050844698786
2022-05-01,-0.00013631472864835824
2022-05-02,-0.00027393549721423175
2022-05-03,-5.811428615707229e-05
2022-05-04,6.000465373291331e-05
2022-05-05,-0.00045842773262448226
2022-05-06,-0.0003817384114890321
2022-05-07,-0.0003280077990633963
2022-05-08,-0.0006538548653696404
2022-05-09,-0.0010369134251148704
2022-05-10,-0.0007564335814619122
2022-05-11,-0.0010057900094842217
2022-05-12,-0.0007031658624674122
2022-05-13,-0.0005959480541462557
2022-05-14,-0.0004654407808497457
2022-05-15,-0.00023583624632931194
2022-05-16,-2.2193403329074697e-05
2022-05-17,-5.394011374609913e-05
2022-05-18,-3.417000293718508e-05
2022-05-19,0.0001293552988071637
2022-05-20,-7.56490099416703e-06
2022-05-21,-6.104132702493014e-05
2022-05-22,-9.535928203537722e-05
2022-05-23,-7.369685784921731e-05
2022-05-24,-7.488614644303539e-05
2022-05-25,8.156502476501024e-05
2022-05-26,-0.00010354896098092513
2022-05-27,-5.517079228825194e-05
2022-05-28,-3.804498298369131e-05
2022-05-29,-7.60840088212886e-05
2022-05-30,0.00023181288594923072
2022-05-31,0.00018125683430486535
2022-06-01,2.431478124244282e-05
2022-06-02,0.00010605004760084056
2022-06-03,9.323501387658159e-05
2022-06-04,7.017191464665596e-05
2022-06-05,3.701665219469098e-05
2022-06-06,-2.8278656160752326e-05
2022-06-07,-5.2875963907011715e-05
2022-06-08,3.5523818669129035e-05
2022-06-09,-3.3140048863734095e-05
2022-06-10,-7.331500811235238e-05
2022-06-11,-0.000211830187499028
2022-06-12,-0.0005811326954050795
2022-06-13,-0.0011482524259472113
2022-06-14,-0.0009172317765184272
2022-06-15,-0.0006946748828073824
2022-06-16,-0.0007920579223655348
2022-06-17,-0.0006539176062001671
2022-06-18,-0.0006863884088589551
2022-06-19,-0.00042842719386907406
2022-06-20,-0.0001491458417852179
2022-06-21,-0.0001108938404866912
2022-06-22,-0.0002059911231870292
2022-06-23,5.812826577898238e-05
2022-06-24,6.26924390386849e-05
2022-06-25,0.00020079335159959343
2022-06-26,3.682622676429164e-05
2022-06-27,1.294305807314485e-05
2022-06-28,-3.486709718702672e-05
2022-06-29,1.1160913497241114e-05
2022-06-30,-9.562485136371354e-05
2022-07-01,-0.00016164849705579176
2022-07-02,-0.00018599127823893421
2022-07-03,-0.00014706373600649068
2022-07-04,-4.2481601359848727e-05
2022-07-05,-7.968323175218253e-06
2022-07-06,3.808202888642052e-05
2022-07-07,0.00013793309330688977
2022-07-08,0.00018833760149579527
2022-07-09,0.00018463582939034497
2022-07-10,0.00012164356311259062
2022-07-11,-2.097044033285921e-05
2022-07-12,-6.74378517612814e-05
2022-07-13,-2.524033041905679e-05
2022-07-14,-8.519458232800926e-05
2022-07-15,-6.571760094914215e-05
2022-07-16,-3.677862580917367e-05
2022-07-17,-6.0456294664072045e-06
2022-07-18,0.0003539579679430801
2022-07-19,0.0006153756765157081
2022-07-20,0.00043231027099802305
2022-07-21,0.00036540045179753834
2022-07-22,0.00027711654122319717
2022-07-23,0.00018561757214706397
2022-07-24,0.00026489913514412096
2022-07-25,-0.00016945949489695206
2022-07-26,-0.000300422009791891
2022-07-27,-3.55215940649394e-05
2022-07-28,9.364460205911042e-05
2022-07-29,0.00014588762766531974
2022-07-30,0.00016443120369639063
2022-07-31,0.0001043642879044001
2022-08-01,0.00030811805911202356
2022-08-02,0.00028662088243175675
2022-08-03,-2.1717502987931303e-05
2022-08-04,-0.0001908580483832419
2022-08-05,-6.803815855767166e-05
2022-08-06,-0.00010469820316225372
2022-08-07,-1.9922672068925773e-05
2022-08-08,8.619560810629917e-05
2022-08-09,2.685553492842348e-05
2022-08-10,0.00018256663504729776
2022-08-11,0.00021694220889479182
2022-08-12,0.00017644475402384216
2022-08-13,0.0002487038652545486
2022-08-14,0.00019265540650115144
2022-08-15,4.834239515957849e-05
2022-08-16,0.0001227311947204805
2022-08-17,-0.00010937782168585736
2022-08-18,-0.00014749152559923138
2022-08-19,-0.0006690698931321228
2022-08-20,-0.0005753554804833756
2022-08-21,-0.00046499182738876844
2022-08-22,-0.0004345637641978029
2022-08-23,-0.00037553459476944714
2022-08-24,-0.0003160760380641143
2022-08-25,-0.0002653939306709806
2022-08-26,-0.00010333871153096336
2022-08-27,-0.0001945077809473124
2022-08-28,-0.0003439578376905414
2022-08-29,-0.00019421271966075157
2022-08-30,-0.0003018492804328618
2022-08-31,-0.000244190145737961
2022-09-01,-0.0002771915360311373
2022-09-02,-5.827776596803695e-05
2022-09-03,-4.1114756223409786e-05
2022-09-04,9.024147293796476e-05
2022-09-05,-9.887586477763456e-05
2022-09-06,-0.0002106457282173711
2022-09-07,-0.0001567788313253751
2022-09-08,-0.00016718318896261487
2022-09-09,0.00027415519196920544
2022-09-10,0.00034184908123438296
2022-09-11,0.0003296272889942523
2022-09-12,0.0004393086244996059
2022-09-13,0.00024821520293929073
2022-09-14,0.00016504545022862148
2022-09-15,6.709883490927007e-05
2022-09-16,-0.00026170278243587574
2022-09-17,-0.0002519313482732317
2022-09-18,-0.00041329774952250425
2022-09-19,-0.00048388674403844115
2022-09-20,-0.00024069844937839256
2022-09-21,-0.0003365947081964818
2022-09-22,-5.6587739525659594e-05
2022-09-23,-0.00010016397478608003
2022-09-24,-0.00023448113148455649
2022-09-25,-0.000121863689519178
2022-09-26,-6.152878175165202e-05
2022-09-27,4.151787771680206e-05
2022-09-28,0.00019224293687785285
2022-09-29,3.7651338711790585e-05
2022-09-30,2.7457820876610936e-05
2022-10-01,8.139835963888724e-05
2022-10-02,5.226926797567239e-05
2022-10-03,8.208172685148378e-05
2022-10-04,0.000250260112905416
2022-10-05,0.00014677219215047038
2022-10-06,7.3591424907784e-05
2022-10-07,2.1681312379433486e-05
2022-10-08,2.1599976638947812e-05
2022-10-09,8.073375967770372e-05
2022-10-10,-0.00010822583727767662
2022-10-11,-0.00028069221725767103
2022-10-12,-0.00024149371365185065
2022-10-13,-0.00014746932238983253
2022-10-14,-9.250800950321659e-05
2022-10-15,-9.381380642294431e-05
2022-10-16,-4.862617980072716e-05
2022-10-17,0.0001159421436056743
2022-10-18,8.261243203875722e-05
2022-10-19,-1.1295695256761281e-05
2022-10-20,-0.00012806388569289789
2022-10-21,-6.792759047387279e-06
2022-10-22,6.0200068744792146e-05
2022-10-23,0.00013365668323052807
2022-10-24,-0.00010268441587282997
2022-10-25,0.000348714006198203
2022-10-26,0.0006727769835240064
2022-10-27,0.0004898958585241856
2022-10-28,0.0005352920372489431
2022-10-29,0.0005584296751317764
2022-10-30,0.0003573927277574943
2022-10-31,0.0003868025440561256
2022-11-01,0.00012844803571184193
2022-11-02,-0.00019824602753341566
2022-11-03,-2.8729337077726946e-05
2022-11-04,0.0001769046565600054
2022-11-05,0.00015311247593068265
2022-11-06,9.030760017564791e-05
2022-11-07,3.299555637977691e-05
2022-11-08,-0.000586173608472728
2022-11-09,-0.0009761229151062961
2022-11-10,-0.0005314965801752427
2022-11-11,-0.0007124517106031615
2022-11-12,-0.0006842958304646515
2022-11-13,-0.0006397806267090203
2022-11-14,-0.0005226701219649009
2022-11-15,-0.00022636123043812774
2022-11-16,0.00012193987033647058
2022-11-17,-0.00012316398891936038
2022-11-18,-4.6995770471754966e-05
2022-11-19,-1.2927695278175352e-05
2022-11-20,-7.937112029953625e-06
2022-11-21,-0.0001236730214091248
2022-11-22,-9.943834737184547e-05
2022-11-23,-8.286595974829778e-06
2022-11-24,-1.3413980270468612e-05
2022-11-25,-2.5461130730515743e-05
2022-11-26,-3.5556604401846825e-05
2022-11-27,2.6485942741184222e-05
2022-11-28,7.37948375993988e-05
2022-11-29,3.8252863547620326e-05
2022-11-30,9.133176042119621e-05
2022-12-01,6.264223354740547e-05
2022-12-02,9.276953570453983e-05
2022-12-03,6.91892161297889e-05
2022-12-04,0.00010832472770781464
2022-12-05,0.00011958598288836037
2022-12-06,0.0001012846889268913
2022-12-07,-4.965256643988738e-05
2022-12-08,3.760149314817056e-05
2022-12-09,5.3299435220453575e-06
2022-12-10,4.080345470701348e-05
2022-12-11,-3.126116022360821e-06
2022-12-12,5.2130303170955446e-05
2022-12-13,0.00019041521992347132
2022-12-14,0.00040683222430142665
2022-12-15,6.746065245757065e-05
2022-12-16,-0.000246152780554145
2022-12-17,-0.00019401435432209454
2022-12-18,-0.00019602568933405423
2022-12-19,-0.00040405588925392734
2022-12-20,-0.0004207832702560142
2022-12-21,-0.0004671639544044797
2022-12-22,-0.0002660812509804778
2022-12-23,6.140797421117053e-05
2022-12-24,2.828056791338657e-05
2022-12-25,4.341079443606631e-05
2022-12-26,0.00023915235411631599
2022-12-27,-9.995473731136192e-05
2022-12-28,-0.0001408407545463946
2022-12-29,-9.22226263236942e-05
2022-12-30,-9.207102792940268e-05
2022-12-31,-0.00015535096594343197
2023-01-01,-0.0001113318421204336
2023-01-02,-0.0001281877925214558
2023-01-03,-1.661664154498089e-05
2023-01-04,0.00017558472673641086
2023-01-05,0.00011623833194429634
2023-01-06,0.00020422817142805652
2023-01-07,0.0002398885998620813
2023-01-08,0.00028281266530150856
2023-01-09,0.00028040870199852897
2023-01-10,0.00040199984306437184
2023-01-11,0.0005171404084754798
2023-01-12,0.0007877719430350924
2023-01-13,0.0008940924246313188
2023-01-14,0.0009028139932333448
2023-01-15,0.0007391006022972527
2023-01-16,0.0006998169643105054
2023-01-17,0.0006006723733278358
2023-01-18,0.00044072049484360345
2023-01-19,0.0003515682291700832
2023-01-20,0.0004112817553833516
2023-01-21,0.0002731242531369023
2023-01-22,0.0002758616589704474
2023-01-23,0.00025910756580326845
2023-01-24,0.00022919697081102237
2023-01-25,0.00036452101900519664
2023-01-26,0.00029759570229764354
2023-01-27,6.0688946339170796e-05
2023-01-28,3.676977063629622e-05
2023-01-29,0.00015871014829149812
2023-01-30,-1.325235426888557e-05
2023-01-31,7.886696920292038e-05
2023-02-01,0.00010659030492136441
2023-02-02,7.547283723620963e-05
2023-02-03,5.8637655157846636e-05
2023-02-04,4.931010032571087e-05
2023-02-05,-0.00012654411838870335
2023-02-06,-1.1398368232801325e-05
2023-02-07,1.8987189428757595e-05
2023-02-08,-0.00011413661171571651
2023-02-09,-0.0002390187668362932
2023-02-10,-0.0002452621396211574
2023-02-11,-0.00019291432235281328
2023-02-12,-0.0001526405427234257
2023-02-13,-0.00013615987899949736
2023-02-14,-0.00015072918885944414
2023-02-15,0.00021055802688225221
2023-02-16,0.00030523036432608593
2023-02-17,0.0005186408287364068
2023-02-18,0.0004830467135284394
2023-02-19,0.00044622432035699495
2023-02-20,0.0005204547619967837
2023-02-21,0.00037951015955070235
2023-02-22,-2.38217791563332e-05
2023-02-23,6.896620066839784e-05
2023-02-24,-0.00023554700484481562
2023-02-25,-0.0002487115677233221
2023-02-26,-0.0001225378582794226
2023-02-27,-0.0002194674276619674
2023-02-28,-0.00021547513113776904
2023-03-01,-8.855883450137862e-05
2023-03-02,-7.774338876663736e-05
2023-03-03,-0.00014112418482960023
2023-03-04,-0.0001384540440195808
2023-03-05,-0.00018737832065725423
2023-03-06,-0.00017976982822060333
2023-03-07,-0.00015712530965610516
2023-03-08,-0.0003178297318418074
2023-03-09,-0.0004952348016174415
2023-03-10,-0.0003462016054881481
2023-03-11,-0.0002760724306966825
2023-03-12,-3.8772445185453986e-05
2023-03-13,0.0002621307817115066
2023-03-14,0.0003578616399172008
2023-03-15,0.00036789989116171775
2023-03-16,0.0005968144208427194
2023-03-17,0.0007512182570305893
2023-03-18,0.0006042050808131873
2023-03-19,0.000503809950658601
2023-03-20,0.0002966938243114711
2023-03-21,0.00027637304287677115
2023-03-22,0.00024384064534690346
2023-03-23,0.00026284350176343957
2023-03-24,3.997236034501953e-06
2023-03-25,4.058277592058308e-05
2023-03-26,-3.4575515825067663e-06
2023-03-27,-5.2020309549374353e-05
2023-03-28,-7.187322876352223e-05
2023-03-29,8.158446861591328e-05
2023-03-30,-2.3827094013943922e-05
2023-03-31,7.76636941655896e-05
2023-04-01,7.75868702158955e-05
2023-04-02,1.5365482595524987e-05
2023-04-03,5.450982900701258e-05
2023-04-04,7.520166718648775e-05
2023-04-05,-1.434330475540118e-05
2023-04-06,2.30840979184775e-07
2023-04-07,-4.6111961922064334e-05
2023-04-08,-4.581650273195372e-05
2023-04-09,1.4154691194981818e-05
2023-04-10,0.00017531688058297556
2023-04-11,0.0001938538602620173
2023-04-12,0.00016411082824103405
2023-04-13,0.00022425315557565657
2023-04-14,0.0002443867126488137
2023-04-15,0.00023665538726344492
2023-04-16,0.00023321563998637268
2023-04-17,-2.9171305741643217e-05
2023-04-18,2.8259865932558848e-05
2023-04-19,-0.00019548892714048354
2023-04-20,-0.0003909682561130243
2023-04-21,-0.0005578161331588788
2023-04-22,-0.0004360029833834544
2023-04-23,-0.00044543963085448085
2023-04-24,-0.0003102904716843146
2023-04-25,-0.000316731397176595
2023-04-26,-6.063496208604257e-05
2023-04-27,0.00019072986136993807
2023-04-28,0.0003209491540446629
2023-04-29,0.00021711083041221516
2023-04-30,0.00024772535590137995
2023-05-01,8.759372524500953e-05
2023-05-02,5.837515989105652e-05
2023-05-03,9.120206919910148e-05
2023-05-04,-9.118577528820333e-05
2023-05-05,3.0496938500706132e-05
2023-05-06,-4.541177442690729e-05
2023-05-07,-9.870978971045785e-05
2023-05-08,-4.673157631218959e-05
2023-05-09,-0.00015356491471944463
2023-05-10,-0.00021387767316137924
2023-05-11,-0.00028906672296180185
2023-05-12,-0.00041103635245817304
2023-05-13,-0.0003336628004241008
2023-05-14,-0.00026796054284592514
2023-05-15,-0.00010656721345312152
2023-05-16,-0.00012013928698962653
2023-05-17,-4.1303630979057903e-05
2023-05-18,-3.208920151214173e-05
2023-05-19,1.5464962613042208e-05
2023-05-20,6.30212995121052e-05
2023-05-21,-3.60904946085073e-05
2023-05-22,-6.801398217356527e-05
2023-05-23,4.203775019143302e-05
2023-05-24,-0.0002496241113349573
2023-05-25,-8.323260455789373e-05
2023-05-26,-4.0699726768184335e-05
2023-05-27,-6.0920442921117724e-05
2023-05-28,0.00033819371743936235
2023-05-29,0.00023478017066397435
2023-05-30,0.00013351806956062674
2023-05-31,0.00025145400567408574
2023-06-01,9.766360134633922e-05
2023-06-02,0.0001486028157727569
2023-06-03,5.721751750577034e-05
2023-06-04,-0.00025875240083148753
2023-06-05,-0.0005337612368174023
2023-06-06,-0.00011254611305336549
2023-06-07,-0.00023082033475535822
2023-06-08,-8.468957533664241e-05
2023-06-09,-0.00020667890986435548
2023-06-10,-0.0003430075887817316
2023-06-11,-0.0003681852637240795
2023-06-12,5.711383329324466e-05
2023-06-13,-0.0004579698328926046
2023-06-14,-0.0004200685266168136
2023-06-15,-0.00031404496160004403
2023-06-16,-5.0741525833043226e-05
2023-06-17,0.00021310315591858758
2023-06-18,0.00012946319970770452
2023-06-19,0.00029145999631763813
2023-06-20,0.0006261790679872325
2023-06-21,0.0009149807123129148
2023-06-22,0.0006950429003399852
2023-06-23,0.0006245277480664626
2023-06-24,0.0005396473582080031
2023-06-25,0.0005244021233937037
2023-06-26,0.00042057783223125504
2023-06-27,0.0002797214315022679
2023-06-28,9.031789093799189e-06
2023-06-29,6.363324579540113e-05
2023-06-30,-2.6432810625077345e-05
2023-07-01,4.7970851901623864e-06
2023-07-02,1.6225243544026222e-05
2023-07-03,9.962590543341513e-05
2023-07-04,8.76418535813951e-06
2023-07-05,5.053393216438433e-05
2023-07-06,-6.443472059600192e-05
2023-07-07,-1.4537415214222862e-05
2023-07-08,-3.548781448729409e-05
2023-07-09,-5.3792817203745824e-05
2023-07-10,-8.895711709131438e-05
2023-07-11,-1.8152140467522584e-05
2023-07-12,-1.4561422772481106e-05
2023-07-13,0.0001976232907763906
2023-07-14,-2.4293858604937236e-06
2023-07-15,5.446358560869645e-07
2023-07-16,1.0271611682775105e-05
2023-07-17,-3.6187582335740174e-05
2023-07-18,-9.961132933157252e-05
2023-07-19,-6.043457020672095e-05
2023-07-20,-0.00020846600096591784
2023-07-21,-5.8581085610934087e-05
2023-07-22,-7.75618004579217e-05
2023-07-23,-2.7995184471378225e-05
2023-07-24,-0.00019323978671138928
2023-07-25,-0.00016184421000374268
2023-07-26,-0.00019256394837806893
2023-07-27,-0.0002601085811495362
2023-07-28,-0.00025911632787144857
2023-07-29,-0.00019465133386238002
2023-07-30,-0.00035373947408890924
2023-07-31,2.2589004181704306e-05
2023-08-01,0.00020588963081384084
2023-08-02,-8.855577368924088e-05
2023-08-03,-1.8592140904256075e-05
2023-08-04,-0.00011638039213104066
2023-08-05,-0.00015104170900582007
2023-08-06,-0.00011655205406437923
2023-08-07,-2.409336035972757e-05
2023-08-08,3.371742683932435e-05
2023-08-09,0.00019120772466980115
2023-08-10,0.0001174129334751632
2023-08-11,0.00015012687110116247
2023-08-12,0.00020396720369490797
2023-08-13,0.00012921882189818182
2023-08-14,0.00012247172468392276
2023-08-15,-0.0003210502367142314
2023-08-16,-0.00045533107383190956
2023-08-17,-0.0010841142934802732
2023-08-18,-0.000994488995690817
2023-08-19,-0.0008491419597284414
2023-08-20,-0.0007117313971986945
2023-08-21,-0.000688278381190958
2023-08-22,-0.0006195488779001698
2023-08-23,-0.00044046075566332054
2023-08-24,-9.365401019593033e-05
2023-08-25,3.2569564823337425e-07
2023-08-26,-1.7315677478057997e-05
2023-08-27,-2.005194450012515e-05
2023-08-28,-4.045902629963036e-06
2023-08-29,0.00030974640087781094
2023-08-30,0.00015873497969683345
2023-08-31,-4.316498752872282e-05
2023-09-01,-4.787606459679964e-05
2023-09-02,-2.690055571260041e-05
2023-09-03,-2.2657268924960436e-05
2023-09-04,-5.488703638973093e-05
2023-09-05,-0.0003521597667417009
2023-09-06,-0.00028393306138411285
2023-09-07,6.052139669159423e-05
2023-09-08,2.030804121462642e-05
2023-09-09,5.6066581610822895e-06
2023-09-10,-2.6023163722065403e-05
2023-09-11,-0.00012813130819027126
2023-09-12,1.0649340717631383e-05
2023-09-13,9.038806742994341e-05
2023-09-14,4.9789835087030926e-05
2023-09-15,0.00012749904349536277
2023-09-16,0.00012492678250485478
2023-09-17,0.00013779989368871084
2023-09-18,0.0003323707886565507
2023-09-19,0.0002941917037898392
2023-09-20,0.00021383803962550236
2023-09-21,9.566462711071217e-06
2023-09-22,-7.185530567247078e-06
2023-09-23,5.295023117495529e-06
2023-09-24,-8.857685940961459e-05
2023-09-25,-0.00015106345581776827
2023-09-26,-0.00031107786816915217
2023-09-27,-0.00023230304621385748
2023-09-28,0.0001487479767429773
2023-09-29,0.00010776007030181897
2023-09-30,0.00012476260852889735
2023-10-01,0.0005239413063656797
2023-10-02,0.0003584273804241965
2023-10-03,0.00035279027243626985
2023-10-04,0.00039999989046126403
2023-10-05,0.00012184265828253207
2023-10-06,0.00035893766100629054
2023-10-07,0.0003450258955347739
2023-10-08,-2.0365440963316127e-05
2023-10-09,3.109530787535214e-05
2023-10-10,-1.1398232811081072e-05
2023-10-11,-0.00031048284491849373
2023-10-12,-0.00021751975965951322
2023-10-13,-0.0003336863195290592
2023-10-14,-0.00032705492091242506
2023-10-15,-0.00021546991522271134
2023-10-16,0.00025611639103651586
2023-10-17,0.0002820237888555605
2023-10-18,0.000415813703651607
2023-10-19,0.0005432990073086511
2023-10-20,0.0006847419721829495
2023-10-21,0.0006704757631508082
2023-10-22,0.0005755361656544506
2023-10-23,0.0007606627141115018
2023-10-24,0.0007953335177727048
2023-10-25,0.0007860529894654298
2023-10-26,0.0006578273833029938
2023-10-27,0.000503014242529142
2023-10-28,0.00048357044709102247
2023-10-29,0.0005120160204573362
2023-10-30,0.00015283402790036084
2023-10-31,7.80008104456644e-05
2023-11-01,9.726415666198086e-05
2023-11-02,8.276037940732765e-05
2023-11-03,8.664471363134134e-05
2023-11-04,0.00010422399791096383
2023-11-05,5.218523598825187e-05
2023-11-06,5.7757270928656865e-05
2023-11-07,7.881575692267352e-05
2023-11-08,2.0209924989664947e-05
2023-11-09,0.00017953292849878956
2023-11-10,0.00027166147920840833
2023-11-11,0.00022172013777771086
2023-11-12,0.00023103345049365923
2023-11-13,0.00017191400251152856
2023-11-14,1.611899255193215e-05
2023-11-15,0.00027219690186434703
2023-11-16,-6.412627675791733e-05
2023-11-17,-7.820704536766433e-05
2023-11-18,-6.034361419151043e-05
2023-11-19,3.3261224576542264e-05
2023-11-20,0.00010841797061054698
2023-11-21,2.33841086038943e-05
2023-11-22,-5.0221867403047215e-05
2023-11-23,0.00013842668996470148
2023-11-24,0.00015571220299759957
2023-11-25,0.00019945616638285154
2023-11-26,1.3019119199176957e-05
2023-11-27,-4.8078480632226214e-05
2023-11-28,0.0005781663155604407
2023-11-29,0.00011991025338767245
2023-11-30,0.00011794800848635032
2023-12-01,0.0002591010305042486
2023-12-02,0.00043819938020863607
2023-12-03,0.0006300172428108915
2023-12-04,0.0009582174174710466
2023-12-05,0.0009875415885870118
2023-12-06,0.0008278239065528526
2023-12-07,0.0007233581504210882
2023-12-08,0.0006635310366892912
2023-12-09,0.0005008777343531154
2023-12-10,0.00044156185074977383
2023-12-11,-8.521324623414066e-05
2023-12-12,-0.00027272716476634435
2023-12-13,-8.922177891261688e-05
2023-12-14,-2.5695741946819806e-05
2023-12-15,-0.00021956662349402323
2023-12-16,-0.00014326690838230123
2023-12-17,-0.00023283087258811134
2023-12-18,0.00013827610207682077
2023-12-19,7.800163657212887e-05
2023-12-20,7.418399451077652e-05
2023-12-21,7.995857364082882e-05
2023-12-22,0.0002000220123285882
2023-12-23,0.00014395938248222234
2023-12-24,0.00016486189452646655
2023-12-25,9.083186606900835e-05
2023-12-26,2.4435528775701867e-05
2023-12-27,-1.914452096588492e-05
2023-12-28,-0.00012161905596058949
2023-12-29,-0.00017925152489583283
2023-12-30,-0.00014473701901524162
2023-12-31,-6.761620668374408e-05
2024-01-01,5.3403292780872615e-05
2024-01-02,0.00021830803234956035
2024-01-03,-5.7308971893989374e-05
2024-01-04,0.00016172508576191012
2024-01-05,0.00023312611632054855
2024-01-06,0.00022577479872766114
2024-01-07,0.00023099508764831879
2024-01-08,0.0003886310898945197
2024-01-09,0.00017430678460778266
2024-01-10,0.0005493174098386815
2024-01-11,0.00032172730697751606
2024-01-12,-0.00021515499312715268
2024-01-13,-0.0001740948336028832
2024-01-14,-0.00034491066943389995
2024-01-15,-0.0005924671984924989
2024-01-16,-0.0003898976670119913
2024-01-17,-0.00047568691480596884
2024-01-18,-0.0005663888548476751
2024-01-19,-0.00013311880530570292
2024-01-20,-0.000134045555723837
2024-01-21,-1.599346280639436e-05
2024-01-22,-0.0003527193521820817
2024-01-23,-0.00037670161816469945
2024-01-24,-0.0003059746457865046
2024-01-25,-0.0001577880294673822
2024-01-26,2.1781162254991768e-05
2024-01-27,5.058904856865179e-05
2024-01-28,5.2180869055632415e-05
2024-01-29,0.00041019208063707794
2024-01-30,0.0003216229670423289
2024-01-31,0.0002552180708840987
2024-02-01,0.0003170776813927391
2024-02-02,0.00013427875519273776
2024-02-03,8.640236114912569e-05
2024-02-04,5.4390012314489705e-05
2024-02-05,-6.372651988761712e-05
2024-02-06,1.4908681797308112e-05
2024-02-07,0.0001803027151702274
2024-02-08,0.00021916136850290066
2024-02-09,0.00038086427989843865
2024-02-10,0.0004345926580660496
2024-02-11,0.0004884815097449946
2024-02-12,0.0005586130042149514
2024-02-13,0.000485880180781131
2024-02-14,0.0005218305637848697
2024-02-15,0.00045074173288715504
2024-02-16,0.0003434090518256128
2024-02-17,0.00028830715178712786
2024-02-18,0.00028432780694496583
2024-02-19,0.00013763460585511483
2024-02-20,0.00019146629426127154
2024-02-21,7.97057261700097e-07
2024-02-22,-5.624517055351251e-05
2024-02-23,-0.00012413987282694936
2024-02-24,-8.428209547075053e-06
2024-02-25,-3.631896700406174e-05
2024-02-26,0.0002388892448448502
2024-02-27,0.0004109684888228727
2024-02-28,0.0008044956554635235
2024-02-29,0.0007169162092686952
2024-03-01,0.000775795387655001
2024-03-02,0.0006603171552089887
2024-03-03,0.0006830723712142172
2024-03-04,0.0007359851720113879
2024-03-05,0.0003690043543185706
2024-03-06,0.00019165679190205333
2024-03-07,0.00031515390957329264
2024-03-08,0.0003169974356186876
2024-03-09,0.00035134578893798436
2024-03-10,0.00031793791119067734
2024-03-11,0.00019001774375820501
2024-03-12,0.0004026513400771588
2024-03-13,0.00036298138199651527
2024-03-14,0.00023287487832100376
2024-03-15,6.446125373882977e-05
2024-03-16,-0.00016380560925606096
2024-03-17,-3.2193788046432534e-05
2024-03-18,-0.00020358815644011535
2024-03-19,-0.0004055119032189886
2024-03-20,-0.00020346447958106035
2024-03-21,-0.00022451373109249638
2024-03-22,-0.0002161268889685042
2024-03-23,-4.918247765983641e-05
2024-03-24,-4.328449015978748e-05
2024-03-25,8.469493989026998e-05
2024-03-26,0.0003124461267159472
2024-03-27,5.8492148206031955e-05
2024-03-28,0.0001981398694496295
2024-03-29,0.00023888128953154864
2024-03-30,0.00022705842684707373
2024-03-31,0.00016826236616592798
2024-04-01,-8.71563569263093e-06
2024-04-02,-0.00020519358710775396
2024-04-03,-0.0001718168492196454
2024-04-04,-0.00011159045217558352
2024-04-05,-0.00010152613879562831
2024-04-06,-3.59843350152698e-05
2024-04-07,-9.834289771988011e-05
2024-04-08,0.00010000858814844863
2024-04-09,0.00020134349759453119
2024-04-10,0.00024996025750193907
2024-04-11,8.343400638736275e-05
2024-04-12,-4.1724961406044594e-05
2024-04-13,-0.0002949186696766216
2024-04-14,-0.0002115301611367711
2024-04-15,-0.000460769244304419
2024-04-16,-0.00029784516964315226
2024-04-17,-0.0005034091928704314
2024-04-18,-0.00035855357635287185
2024-04-19,-0.00018722864456841742
2024-04-20,5.604905053887111e-05
2024-04-21,-4.787980144695415e-05
2024-04-22,0.00019947894784625795
2024-04-23,0.00015066970248390756
2024-04-24,0.0001789629630719892
2024-04-25,6.14579510297294e-05
2024-04-26,-6.182211171367993e-06
2024-04-27,-0.00010053469316214423
2024-04-28,-0.00012691747780689677
2024-04-29,-0.00021364921541973638
2024-04-30,-0.00042691169162163266
2024-05-01,-0.0004457325288690875
2024-05-02,-0.00039433967221783685
2024-05-03,-5.939679362613376e-05
2024-05-04,3.313991899045872e-05
2024-05-05,6.486190524969469e-05
2024-05-06,-4.761127368616566e-05
2024-05-07,0.00012073012260011461
2024-05-08,0.00021072627995453623
2024-05-09,0.0002809958426652745
2024-05-10,-0.00015415699184557046
2024-05-11,-0.0002235704504442967
2024-05-12,-0.00018598888356552844
2024-05-13,-1.712004172550366e-05
2024-05-14,-5.741463075374433e-05
2024-05-15,0.0003654472710986406
2024-05-16,0.00015726842830813314
2024-05-17,0.00047249710373359723
2024-05-18,0.0004598503762060149
2024-05-19,0.00035704359613001534
2024-05-20,0.0005535453027657868
2024-05-21,0.0005340432093463387
2024-05-22,0.00017434190263003894
2024-05-23,0.0001659146353563357
2024-05-24,9.095499835124481e-05
2024-05-25,0.00014252610340057857
2024-05-26,0.00013536834261736216
2024-05-27,-0.00011900753655797066
2024-05-28,-0.00010732855169400743
2024-05-29,-9.389766713250874e-05
2024-05-30,2.579723057573484e-05
2024-05-31,-7.40595235657813e-05
2024-06-01,-0.00011546343460287
2024-06-02,-5.55931420343397e-05
2024-06-03,-4.271044396149051e-05
2024-06-04,0.00016050071640898056
2024-06-05,0.0002575980033945153
2024-06-06,0.00017584353290011088
2024-06-07,0.0001367243884823082
2024-06-08,0.00011825784632435481
2024-06-09,0.00014542783048297043
2024-06-10,5.6062138030704664e-05
2024-06-11,-0.00025553973491006796
2024-06-12,-0.00021820272387320484
2024-06-13,-0.00029777132378831284
2024-06-14,-0.00024627362277591393
2024-06-15,-0.00022431323903094328
2024-06-16,-0.00022016186394705622
2024-06-17,-0.0002284270095102898
2024-06-18,-0.0001716239969344263
2024-06-19,-0.0002906403129161712
2024-06-20,-0.0002068526965508179
2024-06-21,-0.0002146967440118927
2024-06-22,-0.0002276125405811045
2024-06-23,-0.0004040689398854594
2024-06-24,-0.0006998887791033635
2024-06-25,-0.00038696964547701534
2024-06-26,-0.00046674668786151664
2024-06-27,-0.00035798052800023645
2024-06-28,-0.0004211914710997073
2024-06-29,-0.0003699376737820985
2024-06-30,-5.427901013157231e-05
2024-07-01,0.00027265174218940553
2024-07-02,2.5956711213509943e-05
2024-07-03,-7.156652152615344e-05
2024-07-04,-0.0005052846576268627
2024-07-05,-0.00043881189956758367
2024-07-06,-0.00033011262969397565
2024-07-07,-0.0008260017318231416
2024-07-08,-0.0007377895694387648
2024-07-09,-0.0005136393994351235
2024-07-10,-0.00033625596571786964
2024-07-11,4.1829739575018566e-05
2024-07-12,0.0001606255262449034
2024-07-13,0.00011531095177473485
2024-07-14,0.0004977946941164744
2024-07-15,0.0006311904586067911
2024-07-16,0.00048673374719883876
2024-07-17,0.00041377006082610044
2024-07-18,0.00040551249033937887
2024-07-19,0.00048460817651302884
2024-07-20,0.0004088881667849022
2024-07-21,0.0003585200235678457
2024-07-22,0.00013273835067486068
2024-07-23,4.112738151462395e-05
2024-07-24,6.443841717526706e-05
2024-07-25,9.213769763204376e-05
2024-07-26,6.075898280712722e-05
2024-07-27,3.7388885840106924e-05
2024-07-28,3.860841791377763e-06
2024-07-29,-4.1219007019349545e-05
2024-07-30,1.2849965345152627e-05
2024-07-31,-4.112438018754345e-05
2024-08-01,-2.653231331139412e-05
2024-08-02,-0.00033957639824157233
2024-08-03,-0.00037073611524967697
2024-08-04,-0.0004939984339716161
2024-08-05,-0.0005860740655176433
2024-08-06,-0.0004454993684758445
2024-08-07,-0.0004139889692459354
2024-08-08,-0.0001478506853836651
2024-08-09,-2.3734917999519368e-05
2024-08-10,1.1278752999803183e-05
2024-08-11,2.645548044098916e-05
2024-08-12,0.0002431865137472623
2024-08-13,0.0002022410333666968
2024-08-14,0.00016652451258218666
2024-08-15,-0.0001882056744384402
2024-08-16,-9.116315664974253e-05
2024-08-17,-6.827138735176336e-05
2024-08-18,-1.472158231408951e-05
2024-08-19,5.552460722538609e-06
2024-08-20,-8.916300779433939e-05
2024-08-21,0.0001391576662533543
2024-08-22,0.00016016727540189035
2024-08-23,0.00027349147536743265
2024-08-24,0.0002403092340969468
2024-08-25,0.0002920358177358611
2024-08-26,0.00016822431519837293
2024-08-27,2.1227587734790376e-05
2024-08-28,-0.00010737419190279797
2024-08-29,-5.1607289742915826e-05
2024-08-30,-0.00024232784244911112
2024-08-31,-0.00025149990033626303
2024-09-01,-0.00033938471670225687
2024-09-02,-0.0001829662927852125
2024-09-03,-0.00010639595398713023
2024-09-04,-6.544651052454099e-05
2024-09-05,-0.0002167941348628963
2024-09-06,-0.0003849332103444442
2024-09-07,-0.0003520179971519805
2024-09-08,-0.00017805110718321657
2024-09-09,-0.00014726880640871594
2024-09-10,1.142424015501299e-05
2024-09-11,-4.6541280994672064e-05
2024-09-12,0.0001540316401403788
2024-09-13,0.00048650711711958607
2024-09-14,0.00041480194044133284
2024-09-15,0.00029535973618657197
2024-09-16,7.908966950579003e-05
2024-09-17,0.00017789699362448172
2024-09-18,0.00028450401468250053
2024-09-19,0.0002996635344290144
2024-09-20,0.00016179443439611548
2024-09-21,0.00020370981139420567
2024-09-22,0.00027382968847409843
2024-09-23,0.0003174176314879302
2024-09-24,0.00024299444922710228
2024-09-25,8.465355575883304e-05
2024-09-26,0.0001333429774246373
2024-09-27,0.00015425375716518401
2024-09-28,0.00014944890339606645
2024-09-29,0.00012498758473789695
2024-09-30,-1.7871044701904892e-06
2024-10-01,-0.0002470274429049328
2024-10-02,-0.00018192907888509626
2024-10-03,-0.00030831675223660313
2024-10-04,-0.00024725871813365
2024-10-05,-0.0002539757269580884
2024-10-06,-0.0001933044533159494
2024-10-07,-8.272498948412279e-05
2024-10-08,0.00010507020414370275
2024-10-09,-4.586949004624001e-06
2024-10-10,-3.770452801477252e-05
2024-10-11,3.346782293882368e-05
2024-10-12,8.954960010463929e-05
2024-10-13,2.725622890104533e-06
2024-10-14,0.0003284748884239338
2024-10-15,0.00041660369079130066
2024-10-16,0.0005617608738029694
2024-10-17,0.0005432041706785578
2024-10-18,0.000433554266458282
2024-10-19,0.00037801278348305843
2024-10-20,0.0004374366947607913
2024-10-21,9.084533032471572e-05
2024-10-22,2.3059911546718686e-05
2024-10-23,-7.239481339268205e-05
2024-10-24,5.473926506695125e-05
2024-10-25,-0.00013298461918634843
2024-10-26,-9.679151417729104e-05
2024-10-27,-7.593249779549716e-05
2024-10-28,0.00018091671660906656
2024-10-29,0.0003597572717287066
2024-10-30,0.0003788499726067289
2024-10-31,0.00014016478851262254
2024-11-01,0.00020598813107657737
2024-11-02,0.00017608410839673635
2024-11-03,6.342846035638712e-05
2024-11-04,-0.00017185774746713054
2024-11-05,-0.0002624635801456495
2024-11-06,0.00025366542828847915
2024-11-07,0.00043517222108165087
2024-11-08,0.0005275006456080542
2024-11-09,0.0005385985917171149
2024-11-10,0.0007673888910478493
2024-11-11,0.0010295327744995438
2024-11-12,0.0008172316432882024
2024-11-13,0.0005893238282766857
2024-11-14,0.0004528913244585855
2024-11-15,0.0005460936859277984
2024-11-16,0.0005142046809516823
2024-11-17,0.00034150306865987645
2024-11-18,5.987754100117812e-05
2024-11-19,0.00014838726449176387
2024-11-20,0.00012896502069639708
2024-11-21,0.0003691886452370186
2024-11-22,0.00026369055062935853
2024-11-23,0.00024146014154448255
2024-11-24,0.000285499679823387
2024-11-25,9.192741425919069e-05
2024-11-26,-1.8918113600239493e-05
2024-11-27,5.5757976266645035e-05
2024-11-28,-9.249471138782762e-05
2024-11-29,-4.8360066547922295e-05
2024-11-30,-4.147768371210881e-05
2024-12-01,-2.334353782693599e-05
2024-12-02,9.235238580033997e-05
2024-12-03,0.00013257336273265037
2024-12-04,9.096756968405274e-05
2024-12-05,4.700545217351491e-05
2024-12-06,7.877773692110913e-05
2024-12-07,0.00011399099699058078
2024-12-08,0.00012759507987808574
2024-12-09,4.91842296077533e-05
2024-12-10,2.464434749791274e-05
2024-12-11,9.173269655304629e-05
2024-12-12,0.00013172129824754182
2024-12-13,7.252676123148371e-05
2024-12-14,7.403727961942506e-05
2024-12-15,0.00018406668535146163
2024-12-16,0.000593055451183711
2024-12-17,0.0006661545095011682
2024-12-18,-7.297142475136176e-05
2024-12-19,-0.00018052968292930175
2024-12-20,-0.0002348214125627506
2024-12-21,-0.0002847704282659571
2024-12-22,-0.0005759353810290793
2024-12-23,-0.0006231468970550424
2024-12-24,-0.00040685369230359926
2024-12-25,-4.400672132848813e-05
2024-12-26,-9.748666906660223e-05
2024-12-27,-0.00020534189526292808
2024-12-28,-0.00011891900530330172
2024-12-29,-8.924706860249473e-05
2024-12-30,-0.00012414122006752622
2024-12-31,-0.0002906415269685144
2025-01-01,-0.00027139591466475156
2025-01-02,6.817733804247813e-05
2025-01-03,0.00022007369915569335
2025-01-04,0.00016836874701250812
2025-01-05,0.00025980450979987997
2025-01-06,0.00048464852006693837
2025-01-07,0.00018296026876880235
2025-01-08,3.413857724977537e-05
2025-01-09,-0.000223017704999976
2025-01-10,-0.0001722307282682703
2025-01-11,-0.00018369122866813837
2025-01-12,-0.0001930456669485438
2025-01-13,-0.0003730416080173184
2025-01-14,-2.0542908556724444e-05
2025-01-15,0.00027617208269359246
2025-01-16,0.00039065449792491104
2025-01-17,0.0004435186652931178
2025-01-18,0.0004354357472313344
2025-01-19,0.0002939418648394751
2025-01-20,0.00032515988115435054
2025-01-21,0.0003999476755626314
2025-01-22,0.0001402677447612911
2025-01-23,0.0001831010920915441
2025-01-24,3.369297616211871e-05
2025-01-25,1.3733570725445711e-05
2025-01-26,6.496883928281907e-05
2025-01-27,-3.97665505035745e-06
2025-01-28,-0.00022526454271444733
2025-01-29,3.4464100859029598e-06
2025-01-30,3.869379862637635e-05
2025-01-31,-0.00012081823348661331
2025-02-01,-0.00020025191201095043
2025-02-02,-0.00023885273442901636
2025-02-03,-2.9350343302330914e-05
2025-02-04,-0.000169241889580905
2025-02-05,-0.00034609715601634526
2025-02-06,-0.0003807555543945248
2025-02-07,-0.0002710770934444681
2025-02-08,-0.0001932233628647073
2025-02-09,-5.6199141488208595e-05
2025-02-10,-0.00018550826808335472
2025-02-11,-9.683141079021014e-05
2025-02-12,6.191185654515255e-05
2025-02-13,3.4428427490949137e-06
2025-02-14,4.9684828031314306e-05
2025-02-15,5.927419746781979e-05
2025-02-16,-2.0169602799042588e-05
2025-02-17,-0.00010457766320450894
2025-02-18,-1.011418914522316e-05
2025-02-19,-8.981281897992565e-05
2025-02-20,0.000148117207883238
2025-02-21,-0.00012333831459048926
2025-02-22,-9.841386682501882e-05
2025-02-23,1.3910185450096427e-05
2025-02-24,-0.00042620936613044994
2025-02-25,-0.0006826134173711052
2025-02-26,-0.0009940384833515721
2025-02-27,-0.0009043077618616975
2025-02-28,-0.0007298572495546194
2025-03-01,-0.0006191275973497617
2025-03-02,-0.00011242128986966613
2025-03-03,-0.00032327026612228546
2025-03-04,-8.194709429183581e-05
2025-03-05,0.00036424682172874314
2025-03-06,0.0002806614513949074
2025-03-07,0.0001313092094173835
2025-03-08,9.421891707459047e-06
2025-03-09,-0.0006639786973040564
2025-03-10,-0.0003874924638454196
2025-03-11,-0.00021392221285048142
2025-03-12,-0.0003312304111330276
2025-03-13,-0.00042117821879845307
2025-03-14,-0.00013344240146860204
2025-03-15,-9.061607668578214e-05
2025-03-16,9.32614917842095e-05
2025-03-17,0.0002659110884858136
2025-03-18,-9.678334852878201e-06
2025-03-19,0.0001459222704554655
2025-03-20,0.00014278308512482305
2025-03-21,2.9387226801314434e-06
2025-03-22,-2.3592112327233426e-05
2025-03-23,0.00015649135950757104
2025-03-24,0.0001501281118413061
2025-03-25,0.0001999701946169683
2025-03-26,1.8807591756027727e-06
2025-03-27,0.00012720887689018337
2025-03-28,1.4616241975589052e-05
2025-03-29,-5.92500957599918e-05
2025-03-30,-0.00019133152454301136
2025-03-31,-0.00026691958473561053
2025-04-01,-0.00011943003654404543
2025-04-02,-0.00023932928110386746
2025-04-03,-0.0002161079403648744
2025-04-04,-2.962242711633724e-05
2025-04-05,5.1541794239797804e-05
2025-04-06,-0.00024473185636895165
2025-04-07,-0.00020551238640660052
2025-04-08,-0.0005822529621289897
2025-04-09,6.441195500356473e-06
2025-04-10,-0.00024516065003883143
2025-04-11,-3.267464268095474e-05
2025-04-12,0.0001310230695675696
2025-04-13,0.00039620793665887897
2025-04-14,0.0003816978795059
2025-04-15,0.0004968558649443675
2025-04-16,9.626867917628979e-05
2025-04-17,0.0003524162837144944
2025-04-18,6.94460424980723e-05
2025-04-19,-1.3560604328249109e-05
2025-04-20,9.307748658487908e-05
2025-04-21,0.00018551177095650926
2025-04-22,0.0005598596422717645
2025-04-23,0.0005165881348241187
2025-04-24,0.0004620417102853418
2025-04-25,0.0004920227292478448
2025-04-26,0.00044129192940827865
2025-04-27,0.00038624321352738217
2025-04-28,0.00032657660972413124
2025-04-29,3.39992071486258e-05
2025-04-30,2.02217448103029e-05
2025-05-01,0.00011043151257892752
2025-05-02,0.00010058136105489843
2025-05-03,5.84230116821645e-05
2025-05-04,2.9568422692956946e-05
2025-05-05,-1.2645293600827419e-05
2025-05-06,0.0001252790763986529
2025-05-07,0.0001453564506526343
2025-05-08,0.00038603592187281616
2025-05-09,0.00035138255252955213
2025-05-10,0.000548817339911198
2025-05-11,0.0006115981480862754
2025-05-12,0.0005086205806987648
2025-05-13,0.00045333627049152055
2025-05-14,0.00040396742741045504
2025-05-15,3.161999935884239e-05
2025-05-16,3.070807944727285e-05
2025-05-17,-9.368285369456837e-05
2025-05-18,0.00013295353252376694
2025-05-19,0.00016345711117703518
2025-05-20,0.0001578727994641021
2025-05-21,0.0003518878430236718
2025-05-22,0.0004642891407383292
2025-05-23,0.00023878541889770882
2025-05-24,0.00029881964814804617
2025-05-25,0.0001721747040881028
2025-05-26,0.00027795034045419224
2025-05-27,0.0001595285679518062
2025-05-28,-0.00014015272097039314
2025-05-29,-0.00040705296723810133
2025-05-30,-0.00021502690629103096
2025-05-31,-0.00019435104505287972
2025-06-01,-0.00019746469707764054
2025-06-02,-0.00020215801704439964
2025-06-03,-0.00019572318511631238
2025-06-04,-0.00016872199591522758
2025-06-05,-0.00021820283890750002
2025-06-06,1.908934736652313e-05
2025-06-07,5.3044782755306335e-05
2025-06-08,4.253100496767913e-06
2025-06-09,0.000248518864430731
2025-06-10,0.0002942193452478184
2025-06-11,0.0002540665682589585
2025-06-12,0.00028735557133614874
2025-06-13,0.00012342270064922019
2025-06-14,-1.0246677261023203e-05
2025-06-15,-1.0924825666619142e-05
2025-06-16,-0.0002343719718673998
2025-06-17,-0.0003737276380158068
2025-06-18,-0.00024407060029455713
2025-06-19,-6.819886444009447e-05
2025-06-20,-0.00019431211234406618
2025-06-21,-0.00025031873232120414
2025-06-22,-0.00035155852479734775
2025-06-23,-0.00011152136395281875
2025-06-24,0.0001216152119800863
2025-06-25,0.00019820484483350006
2025-06-26,0.00018540965413856454
2025-06-27,0.00029465759761169443
2025-06-28,0.0003999721888293428
2025-06-29,0.0005279393672259142
2025-06-30,0.00012412368546863036
2025-07-01,-2.9648654747309512e-05
2025-07-02,0.00010747227529478206
2025-07-03,0.00019259955045816213
2025-07-04,6.95403853156892e-05
2025-07-05,7.022790285104721e-05
2025-07-06,6.525497966723435e-05
2025-07-07,8.667352881745349e-05
2025-07-08,0.0002517246557030309
2025-07-09,0.00018580611200205122
2025-07-10,0.0004721155736703027
2025-07-11,0.0006477332569576347
2025-07-12,0.0005870741927023526
2025-07-13,0.0005790200718677018
2025-07-14,0.0006263607163704522
2025-07-15,0.00046461623606662144
2025-07-16,0.0003883285384062222
2025-07-17,0.00017795167725767714
2025-07-18,2.5618533203451482e-05
2025-07-19,2.5509848034340022e-05
2025-07-20,-0.00010412657594624771
2025-07-21,-0.00014229228892814776
2025-07-22,0.00014191753942570203
2025-07-23,6.976066185690576e-06
2025-07-24,-5.58762172681925e-05
2025-07-25,-2.3916241030497244e-05
2025-07-26,3.589133461925797e-06
2025-07-27,0.00013184320606611762
2025-07-28,3.829881732732175e-05
2025-07-29,-0.00012811254513873992
2025-07-30,-5.833749080834135e-05
2025-07-31,-0.00015940467580596095
2025-08-01,-0.0002570619819015864
2025-08-02,-0.00030261555775498494
2025-08-03,-0.00027616545099763126
2025-08-04,-0.00015579134658685038
2025-08-05,-0.000195101184879848
2025-08-06,-0.0001415651323379698
2025-08-07,8.846507319166519e-05
2025-08-08,0.0001748274033430328
2025-08-09,0.0002053296136834694
2025-08-10,0.00027010125680497737
2025-08-11,0.00020473724101447078
2025-08-12,0.00035478035340935437
2025-08-13,0.0005200774352574749
2025-08-14,5.9816861888946475e-05
2025-08-15,5.5762292531152357e-05
2025-08-16,7.328813782884394e-05
2025-08-17,-0.000135621540606682
2025-08-18,-0.00017988763335903318
2025-08-19,-0.000507037228773508
2025-08-20,-0.0005709175059647394
2025-08-21,-0.0003725481741161678
2025-08-22,-3.3005795082918286e-05
2025-08-23,-0.0001298938550667278
2025-08-24,-0.0002494638782598947
2025-08-25,-0.00037976587828413526
2025-08-26,-6.703788604170271e-05
2025-08-27,-0.00018904241281297643
2025-08-28,5.672149694654227e-06
2025-08-29,-0.0005066401544954414
2025-08-30,-0.0003828162457596962
2025-08-31,-0.0003057937767147252
2025-09-01,-5.366943894512249e-05
2025-09-02,-3.347301712096799e-05
2025-09-03,2.8356614301932586e-05
2025-09-04,-0.00011103839544471432
2025-09-05,0.0001385451746648459
2025-09-06,8.483294640978625e-05
2025-09-07,0.0001746025026149791
2025-09-08,0.00017235307133115928
2025-09-09,1.8974633411225138e-05
2025-09-10,0.0001397108410018823
2025-09-11,0.0003037572740507955
2025-09-12,0.0003591108758924514
2025-09-13,0.0003610521779551119
2025-09-14,0.0002573481534961804
2025-09-15,0.0001986011921033516
2025-09-16,0.00030492754655177826
2025-09-17,0.0001418605656844713
2025-09-18,9.272842963336867e-05
2025-09-19,-2.621068582639058e-05
2025-09-20,-1.4233346017683809e-05
2025-09-21,-3.449312451757852e-06
2025-09-22,-0.00017712217627076962
2025-09-23,-0.00031621039906981917
2025-09-24,-0.00021315661318519342
2025-09-25,-0.000515985663510677
2025-09-26,-0.0003727083328910458
2025-09-27,-0.0003629117892176752
2025-09-28,-0.00019559584828064068
2025-09-29,0.00011104826234373613
2025-09-30,0.00014181579782844428
2025-10-01,0.000351195172684452
2025-10-02,0.0006836389709554573
2025-10-03,0.0006606450734178294
2025-10-04,0.0006177920163987415
2025-10-05,0.000513608966703221
2025-10-06,0.00044683387034854806
2025-10-07,0.00031880856979118685
2025-10-08,0.00019799489647573376
2025-10-09,4.5716342139220466e-05
2025-10-10,-0.00037850454244292065
2025-10-11,-0.00044308681278485264
2025-10-12,-0.00030388708376618477
2025-10-13,-0.00032792481413165044
2025-10-14,-0.0002890253001448646
2025-10-15,-0.00041632577043535396
2025-10-16,-0.0004381579732737375
2025-10-17,-0.00021978538829736161
2025-10-18,-0.00012063658408029257
2025-10-19,-0.00020973303782084724
2025-10-20,-0.00015248372712515528
2025-10-21,-0.00015566701998431882
2025-10-22,-0.00010768023335497273
2025-10-23,6.367188529641497e-05
2025-10-24,0.0001516812184547072
2025-10-25,0.00014753200249197648
2025-10-26,0.00018991088505316165
2025-10-27,0.00011432708966269545
2025-10-28,0.0001488003400055838
2025-10-29,8.183585478381559e-05
2025-10-30,-5.928098993965379e-05
2025-10-31,-4.8443712059140163e-05
2025-11-01,-5.3733673661339794e-05
2025-11-02,-0.00014246612853024957
2025-11-03,-0.00029032641185229634
2025-11-04,-0.0004677589627484448
2025-11-05,-0.0002697339851020666
2025-11-06,-0.0003279480055474698
2025-11-07,-0.00029802710392647726
2025-11-08,-0.00037312303112204006
2025-11-09,-0.00027860471249563574
2025-11-10,-2.927022859893536e-05
2025-11-11,7.863108491137813e-05
2025-11-12,-0.00011540008058894852
2025-11-13,-8.880529278412488e-05
2025-11-14,-0.00048748288636749033
2025-11-15,-0.0003973864772844528
2025-11-16,-0.0005860961576985692
2025-11-17,-0.0007075662606168756
2025-11-18,-0.0005050486426701848
2025-11-19,-0.0005002730390648478
2025-11-20,-0.0006267255339822228
2025-11-21,-0.0004576988648115507
2025-11-22,-0.0005177485189778693
2025-11-23,-0.0003645341645572671
2025-11-24,-0.0001989523038292887
2025-11-25,-0.00031128132780001543
2025-11-26,-5.7030202454979106e-05
2025-11-27,0.00027441205979935565
2025-11-28,0.00031921380735762
2025-11-29,0.00031089287828569965
2025-11-30,0.00017190066847058962
2025-12-01,-9.765299576940859e-05
2025-12-02,0.00018315309329233073
2025-12-03,0.00012983464237013682
2025-12-04,3.432049246946303e-05
2025-12-05,-7.005735190839354e-05
2025-12-06,-7.090798072010802e-05
2025-12-07,1.4534412721859385e-06
2025-12-08,0.00019375487491135008
2025-12-09,5.886510061070243e-05
2025-12-10,-6.0170620725659026e-05
2025-12-11,1.871054349300085e-05
2025-12-12,4.019809262030122e-05
2025-12-13,4.319856204066774e-05
2025-12-14,-9.905606230914699e-05
2025-12-15,-0.00018982989748349537
2025-12-16,-0.00021841992484409453
2025-12-17,-0.0002811335497071855
2025-12-18,-0.0003482097419906564
2025-12-19,-0.00011113699106095441
2025-12-20,-0.00010853130020026032
2025-12-21,2.906069308260254e-05
2025-12-22,0.00014616938755218268
2025-12-23,-2.979280097406191e-05
2025-12-24,0.00010374162353279684
2025-12-25,0.00013311603027071415
2025-12-26,-6.0917001671636563e-05
2025-12-27,-4.104550885750282e-05
2025-12-28,-6.42095702197697e-05
2025-12-29,-0.00013271895351700682
2025-12-30,9.282141083573057e-05
2025-12-31,-9.757459884023512e-06
2026-01-01,0.00015621082535150128
2026-01-02,0.00026395483022964426
2026-01-03,0.00026861959263671807
2026-01-04,0.0003352526857090607
2026-01-05,0.0005623610254893734
2026-01-06,0.0004187940424556691
2026-01-07,0.00030543171491348144
2026-01-08,0.00018357954341294
2026-01-09,4.5325269582224976e-05
2026-01-10,-1.6551878828413564e-05
2026-01-11,-4.874050541549318e-05
2026-01-12,-0.00020656972330629028
2026-01-13,0.0001258144352895889
2026-01-14,0.00042884346857339497
2026-01-15,0.0003575366212716164
2026-01-16,0.0004184602605698363
2026-01-17,0.00045897423387784576
2026-01-18,0.00027946222829242415
2026-01-19,0.00014527921398960872
2026-01-20,-0.000617597606657762
2026-01-21,-0.0005669520081150114
2026-01-22,-0.00042773251626522036
2026-01-23,-0.00039675872717079194
2026-01-24,-0.0003787413403166091
2026-01-25,-0.0004288958448212812
2026-01-26,-0.00025474372556164796
2026-01-27,4.8768636925079354e-05
2026-01-28,-1.1931367091253735e-05
2026-01-29,-0.00029850366599843884
2026-01-30,-0.0003152358757727238
2026-01-31,-0.0005785804177686566
2026-02-01,-0.0005176975767204515
2026-02-02,-0.0004814737690294301
2026-02-03,-0.0006341394184065806
2026-02-04,-0.0007183278548803545
2026-02-05,-0.0008970229861503117
2026-02-06,-0.0005211594465830356
2026-02-07,-0.00037699934191614295
2026-02-08,-0.0002681669546123169
2026-02-09,-0.0003447349930251367
2026-02-10,-0.0002858400957660803
2026-02-11,-0.00025733098496565375
2026-02-12,0.00015632711081698292
2026-02-13,-7.568311912528903e-05
2026-02-14,2.3952634890908903e-05
2026-02-15,-6.996354194885397e-05
2026-02-16,-6.023788390394033e-05
2026-02-17,-6.762510244985182e-05
2026-02-18,-3.185805733426683e-05
2026-02-19,3.9204810375181794e-05
2026-02-20,-4.050951815416591e-05
2026-02-21,-8.907704875538727e-05
2026-02-22,-5.7332452013642986e-05
2026-02-23,-0.00021100744255601655
2026-02-24,-0.00017251806887919678
2026-02-25,7.571233102346866e-05
2026-02-26,2.489530510062478e-05
2026-02-27,-0.00010429504647338209
2026-02-28,-4.729677309016534e-05
2026-03-01,-9.010426688404984e-05
2026-03-02,0.0001972260793797949
2026-03-03,0.00019704040475687322
2026-03-04,0.00019897135462981308
2026-03-05,0.00014837689325141696
2026-03-06,0.00010768049878528293
2026-03-07,1.7297570611232043e-05
2026-03-08,1.4600307869983263e-05
2026-03-09,-3.020668663499293e-05
2026-03-10,0.00012915545211338744
2026-03-11,-0.0002116288202240118
2026-03-12,-3.37186812314058e-05
2026-03-13,0.00029444236599794317
2026-03-14,0.00041110064957068426
2026-03-15,0.0006403087833735249
2026-03-16,0.0005422587719470565
2026-03-17,0.000329752805492654
2026-03-18,8.88256440629908e-05
2026-03-19,-5.250757824364865e-05
2026-03-20,-3.7499845761235584e-05
2026-03-21,-0.00019616707422562407
2026-03-22,-0.00039718603388125485
2026-03-23,-0.00030096755234870125
2026-03-24,-0.0002532338432696384
2026-03-25,4.454575274303831e-06
2026-03-26,-9.460005500940566e-05
2026-03-27,-0.00033465635423075976
2026-03-28,-0.0002076042185946859
2026-03-29,-0.00015353686296670462
2026-03-30,-0.00031744323810533226
2026-03-31,-0.00017431385018021447
2026-04-01,-0.0002433828878827492
2026-04-02,-0.0001515405242649727
2026-04-03,5.0010870353346574e-05
2026-04-04,8.358143262511776e-05
2026-04-05,0.00025838092590522126
2026-04-06,0.0001767606025269609
2026-04-07,0.0002911752334490775
2026-04-08,0.00023337579808982184
2026-04-09,0.00037295194569096244
2026-04-10,0.0004372059765853344
2026-04-11,0.0004023882818637941
2026-04-12,0.00012249570086249635
2026-04-13,0.0003766969715705981
2026-04-14,0.00015725606611040352
2026-04-15,0.0002708750451287327
2026-04-16,0.00024286773772038987
2026-04-17,0.00028694359265302893
2026-04-18,0.0001851210069091776
2026-04-19,0.00021967119672298575
2026-04-20,9.766487557180971e-05
2026-04-21,0.00015943153823681856
2026-04-22,0.00025240200903340617
2026-04-23,0.0002417073584327513
2026-04-24,2.5987046443715617e-05
2026-04-25,0.00015104749867813082
2026-04-26,0.0004058625765107675
2026-04-27,0.0001343156770216692
2026-04-28,-1.8217178205027836e-06
2026-04-29,-0.0002355246439458229
2026-04-30,-0.0001909952037721695
2026-05-01,8.245351691152136e-05
2026-05-02,0.00011367606132210558
2026-05-03,-1.1739341391325017e-05
2026-05-04,0.00027447265261224717
2026-05-05,0.0005031241704645123
2026-05-06,0.0006094051633831065
2026-05-07,0.0003995438237012328
2026-05-08,0.00020885183395993276
2026-05-09,0.0002182991867373152
2026-05-10,0.00041424020972657055
2026-05-11,0.00022870705961120446
2026-05-12,-4.809578848514419e-05
2026-05-13,-0.0002516246213386766
2026-05-14,0.0001235087755789265
2026-05-15,-0.00013165407146965765
2026-05-16,-0.0002817767656267157
2026-05-17,-0.0004783542125216163
2026-05-18,-0.0004441628521487387
2026-05-19,-0.0003373713443703832
2026-05-20,-0.0001619845372373905
2026-05-21,-0.00030194344267050826
2026-05-22,-0.00031311245615883916
2026-05-23,-0.00012753881074629067
2026-05-24,-3.7400569154574356e-05
2026-05-25,2.8345558212486845e-05
2026-05-26,-8.832390695344517e-05
2026-05-27,-0.00029535706387257883
2026-05-28,-0.0003693373524672412
2026-05-29,-0.0001942790252732591
2026-05-30,-0.00026635146835031416
2026-05-31,-0.0003070635389097127
2026-06-01,-0.0005141455423775931
2026-06-02,-0.0007246967760114479
2026-06-03,-0.0007500594160845526
2026-06-04,-0.000680541310728503
2026-06-05,-0.0008243264858242944
2026-06-06,-0.0007967331369782181
2026-06-07,-0.0006077030556542335
2026-06-08,-0.00049959506504221
2026-06-09,-0.00033154201761365727
2026-06-10,-0.00018124972523255644
2026-06-11,-1.8162933805498865e-05
2026-06-12,0.0001697280526947419
2026-06-13,0.0002300785174611246
2026-06-14,0.00014686977618434978
2026-06-15,0.00018705930753880868
2026-06-16,0.00022144671021891618
2026-06-17,0.0001656132894361991
2026-06-18,-3.6616880936464106e-05
2026-06-19,-3.0902837796519075e-06
2026-06-20,-8.222222056813377e-06
2026-06-21,-0.00013226838298997196
2026-06-22,-0.00012322882832109408
2026-06-23,-0.00015963827393392687
2026-06-24,-0.00019314010153489763
2026-06-25,-0.0001815223761732004
2026-06-26,-0.00019711622556802075
2026-06-27,-0.00024256855912298386
2026-06-28,-0.00021353212602795836
2026-06-29,-0.00021406914512019727
2026-06-30,-0.0002376493327885562
2026-07-01,-5.899436866680494e-05
2026-07-02,0.00010279681591816346
2026-07-03,0.0001476919651693641
2026-07-04,0.00018507134131987655
2026-07-05,0.0002567021074735792
2026-07-06,0.00026574111687418405
2026-07-07,0.0003577509178567628
2026-07-08,0.00018412970343595025
2026-07-09,0.0001387627334958763
2026-07-10,0.00012906754349037617
2026-07-11,5.660923340095159e-05
2026-07-12,1.185387481237324e-05
2026-07-13,-0.00014732547910315067
2026-07-14,0.00013926898432712917
2026-07-15,0.00020917196054151012
2026-07-16,5.3794750128644876e-05
2026-07-17,-1.943152709826283e-05
2026-07-18,8.948116751036075e-05
2026-07-19,8.264995823497223e-05
2026-07-20,0.0002571750114089206
2026-07-21,0.00013026979571887412
2026-07-22,0.00011751543379555246
2026-07-23,0.0001126853285205493
2026-07-24,1.687406516468092e-05
2026-07-25,-4.633660056642627e-05
2026-07-26,6.57935829926908e-05
2026-07-27,-0.00016363457099745238
2026-07-28,-0.0002929764470882722
2026-07-29,-0.0002532951720220928
2026-07-30,-4.294344444408458e-05
2026-07-31,-0.0001692103809700635
2026-08-01,-0.00020168874631571102
2026-08-02,-0.00023094131686324712
2026-08-03,-3.073777088889562e-05
2026-08-04,2.6893981293819217e-05
2026-08-05,0.00010308678215367437
2026-08-06,-7.911482658266432e-05
2026-08-07,0.00035938094042877345
2026-08-08,0.0003686798215882918
2026-08-09,0.00023401173219512656
2026-08-10,7.992871081629397e-05
2026-08-11,-8.844531592562613e-05
2026-08-12,-0.0002076245926508217
2026-08-13,-0.00014792967156651452
2026-08-14,-0.0003423658994103608
2026-08-15,-0.00032826032499544877
2026-08-16,-0.00034683517129138595
2026-08-17,9.351057420649801e-05
2026-08-18,0.00019284907157875002
2026-08-19,0.0008205506089992735
2026-08-20,0.0009456359332757531
2026-08-21,0.0010087890093643211
2026-08-22,0.0007817018212043771
2026-08-23,0.0007226559420445202
2026-08-24,0.0006303089913162173
2026-08-25,0.0005653167053875124
2026-08-26,0.0003788344846404218
2026-08-27,0.00027646514634026395
2026-08-28,-1.826918438583357e-05
2026-08-29,4.351358415637779e-05
2026-08-30,-2.133893189232816e-06
2026-08-31,-1.5154341343601594e-05
2026-09-01,-4.275207230916847e-05
2026-09-02,-6.500854454438057e-05
2026-09-03,3.7372988496530493e-05
2026-09-04,6.974370462866307e-05
2026-09-05,6.0996559126857976e-05
2026-09-06,8.17494150886962e-05
